[2026-05-24T19:48:43.675+0000] {processor.py:161} INFO - Started process (PID=167) to work on /opt/airflow/dags/kest_example_dag.py
[2026-05-24T19:48:43.676+0000] {processor.py:830} INFO - Processing file /opt/airflow/dags/kest_example_dag.py for tasks to queue
[2026-05-24T19:48:43.677+0000] {logging_mixin.py:188} INFO - [2026-05-24T19:48:43.677+0000] {dagbag.py:545} INFO - Filling up the DagBag from /opt/airflow/dags/kest_example_dag.py
[2026-05-24T19:48:43.690+0000] {logging_mixin.py:188} INFO - [2026-05-24T19:48:43.689+0000] {templater.py:93} ERROR - Failed to resolve template field 'bash_command'
Traceback (most recent call last):
  File "/home/airflow/.local/lib/python3.12/site-packages/airflow/template/templater.py", line 91, in resolve_template_files
    setattr(self, field, env.loader.get_source(env, content)[0])  # type: ignore
                         ^^^^^^^^^^^^^^^^^^^^^^^^^^^^^^^^^^^
  File "/home/airflow/.local/lib/python3.12/site-packages/jinja2/loaders.py", line 207, in get_source
    raise TemplateNotFound(template)
jinja2.exceptions.TemplateNotFound: bash /opt/kest/scripts/run_dlt.sh
[2026-05-24T19:48:43.690+0000] {logging_mixin.py:188} INFO - [2026-05-24T19:48:43.690+0000] {templater.py:93} ERROR - Failed to resolve template field 'bash_command'
Traceback (most recent call last):
  File "/home/airflow/.local/lib/python3.12/site-packages/airflow/template/templater.py", line 91, in resolve_template_files
    setattr(self, field, env.loader.get_source(env, content)[0])  # type: ignore
                         ^^^^^^^^^^^^^^^^^^^^^^^^^^^^^^^^^^^
  File "/home/airflow/.local/lib/python3.12/site-packages/jinja2/loaders.py", line 207, in get_source
    raise TemplateNotFound(template)
jinja2.exceptions.TemplateNotFound: bash /opt/kest/scripts/run_duckdb_silver.sh
[2026-05-24T19:48:43.691+0000] {logging_mixin.py:188} INFO - [2026-05-24T19:48:43.691+0000] {templater.py:93} ERROR - Failed to resolve template field 'bash_command'
Traceback (most recent call last):
  File "/home/airflow/.local/lib/python3.12/site-packages/airflow/template/templater.py", line 91, in resolve_template_files
    setattr(self, field, env.loader.get_source(env, content)[0])  # type: ignore
                         ^^^^^^^^^^^^^^^^^^^^^^^^^^^^^^^^^^^
  File "/home/airflow/.local/lib/python3.12/site-packages/jinja2/loaders.py", line 207, in get_source
    raise TemplateNotFound(template)
jinja2.exceptions.TemplateNotFound: bash /opt/kest/scripts/run_duckdb_gold.sh
[2026-05-24T19:48:43.703+0000] {processor.py:840} INFO - DAG(s) 'kest_example_pipeline' retrieved from /opt/airflow/dags/kest_example_dag.py
[2026-05-24T19:48:43.925+0000] {logging_mixin.py:188} INFO - [2026-05-24T19:48:43.924+0000] {override.py:1858} INFO - Created Permission View: can delete on DAG:kest_example_pipeline
[2026-05-24T19:48:43.934+0000] {logging_mixin.py:188} INFO - [2026-05-24T19:48:43.934+0000] {override.py:1858} INFO - Created Permission View: can edit on DAG:kest_example_pipeline
[2026-05-24T19:48:43.941+0000] {logging_mixin.py:188} INFO - [2026-05-24T19:48:43.940+0000] {override.py:1858} INFO - Created Permission View: can read on DAG:kest_example_pipeline
[2026-05-24T19:48:43.941+0000] {logging_mixin.py:188} INFO - [2026-05-24T19:48:43.941+0000] {dag.py:3089} INFO - Sync 1 DAGs
[2026-05-24T19:48:43.954+0000] {logging_mixin.py:188} INFO - [2026-05-24T19:48:43.953+0000] {dag.py:3111} INFO - Creating ORM DAG for kest_example_pipeline
[2026-05-24T19:48:43.955+0000] {logging_mixin.py:188} INFO - [2026-05-24T19:48:43.954+0000] {dag.py:3947} INFO - Setting next_dagrun for kest_example_pipeline to None, run_after=None
[2026-05-24T19:48:43.970+0000] {processor.py:183} INFO - Processing /opt/airflow/dags/kest_example_dag.py took 0.298 seconds
[2026-05-24T19:49:14.058+0000] {processor.py:161} INFO - Started process (PID=173) to work on /opt/airflow/dags/kest_example_dag.py
[2026-05-24T19:49:14.059+0000] {processor.py:830} INFO - Processing file /opt/airflow/dags/kest_example_dag.py for tasks to queue
[2026-05-24T19:49:14.060+0000] {logging_mixin.py:188} INFO - [2026-05-24T19:49:14.060+0000] {dagbag.py:545} INFO - Filling up the DagBag from /opt/airflow/dags/kest_example_dag.py
[2026-05-24T19:49:14.065+0000] {logging_mixin.py:188} INFO - [2026-05-24T19:49:14.064+0000] {templater.py:93} ERROR - Failed to resolve template field 'bash_command'
Traceback (most recent call last):
  File "/home/airflow/.local/lib/python3.12/site-packages/airflow/template/templater.py", line 91, in resolve_template_files
    setattr(self, field, env.loader.get_source(env, content)[0])  # type: ignore
                         ^^^^^^^^^^^^^^^^^^^^^^^^^^^^^^^^^^^
  File "/home/airflow/.local/lib/python3.12/site-packages/jinja2/loaders.py", line 207, in get_source
    raise TemplateNotFound(template)
jinja2.exceptions.TemplateNotFound: bash /opt/kest/scripts/run_dlt.sh
[2026-05-24T19:49:14.065+0000] {logging_mixin.py:188} INFO - [2026-05-24T19:49:14.065+0000] {templater.py:93} ERROR - Failed to resolve template field 'bash_command'
Traceback (most recent call last):
  File "/home/airflow/.local/lib/python3.12/site-packages/airflow/template/templater.py", line 91, in resolve_template_files
    setattr(self, field, env.loader.get_source(env, content)[0])  # type: ignore
                         ^^^^^^^^^^^^^^^^^^^^^^^^^^^^^^^^^^^
  File "/home/airflow/.local/lib/python3.12/site-packages/jinja2/loaders.py", line 207, in get_source
    raise TemplateNotFound(template)
jinja2.exceptions.TemplateNotFound: bash /opt/kest/scripts/run_duckdb_silver.sh
[2026-05-24T19:49:14.066+0000] {logging_mixin.py:188} INFO - [2026-05-24T19:49:14.066+0000] {templater.py:93} ERROR - Failed to resolve template field 'bash_command'
Traceback (most recent call last):
  File "/home/airflow/.local/lib/python3.12/site-packages/airflow/template/templater.py", line 91, in resolve_template_files
    setattr(self, field, env.loader.get_source(env, content)[0])  # type: ignore
                         ^^^^^^^^^^^^^^^^^^^^^^^^^^^^^^^^^^^
  File "/home/airflow/.local/lib/python3.12/site-packages/jinja2/loaders.py", line 207, in get_source
    raise TemplateNotFound(template)
jinja2.exceptions.TemplateNotFound: bash /opt/kest/scripts/run_duckdb_gold.sh
[2026-05-24T19:49:14.068+0000] {processor.py:840} INFO - DAG(s) 'kest_example_pipeline' retrieved from /opt/airflow/dags/kest_example_dag.py
[2026-05-24T19:49:14.089+0000] {logging_mixin.py:188} INFO - [2026-05-24T19:49:14.089+0000] {dag.py:3089} INFO - Sync 1 DAGs
[2026-05-24T19:49:14.096+0000] {logging_mixin.py:188} INFO - [2026-05-24T19:49:14.095+0000] {dag.py:3947} INFO - Setting next_dagrun for kest_example_pipeline to None, run_after=None
[2026-05-24T19:49:14.105+0000] {processor.py:183} INFO - Processing /opt/airflow/dags/kest_example_dag.py took 0.051 seconds
[2026-05-24T19:49:44.147+0000] {processor.py:161} INFO - Started process (PID=178) to work on /opt/airflow/dags/kest_example_dag.py
[2026-05-24T19:49:44.148+0000] {processor.py:830} INFO - Processing file /opt/airflow/dags/kest_example_dag.py for tasks to queue
[2026-05-24T19:49:44.150+0000] {logging_mixin.py:188} INFO - [2026-05-24T19:49:44.149+0000] {dagbag.py:545} INFO - Filling up the DagBag from /opt/airflow/dags/kest_example_dag.py
[2026-05-24T19:49:44.158+0000] {logging_mixin.py:188} INFO - [2026-05-24T19:49:44.158+0000] {templater.py:93} ERROR - Failed to resolve template field 'bash_command'
Traceback (most recent call last):
  File "/home/airflow/.local/lib/python3.12/site-packages/airflow/template/templater.py", line 91, in resolve_template_files
    setattr(self, field, env.loader.get_source(env, content)[0])  # type: ignore
                         ^^^^^^^^^^^^^^^^^^^^^^^^^^^^^^^^^^^
  File "/home/airflow/.local/lib/python3.12/site-packages/jinja2/loaders.py", line 207, in get_source
    raise TemplateNotFound(template)
jinja2.exceptions.TemplateNotFound: bash /opt/kest/scripts/run_dlt.sh
[2026-05-24T19:49:44.159+0000] {logging_mixin.py:188} INFO - [2026-05-24T19:49:44.159+0000] {templater.py:93} ERROR - Failed to resolve template field 'bash_command'
Traceback (most recent call last):
  File "/home/airflow/.local/lib/python3.12/site-packages/airflow/template/templater.py", line 91, in resolve_template_files
    setattr(self, field, env.loader.get_source(env, content)[0])  # type: ignore
                         ^^^^^^^^^^^^^^^^^^^^^^^^^^^^^^^^^^^
  File "/home/airflow/.local/lib/python3.12/site-packages/jinja2/loaders.py", line 207, in get_source
    raise TemplateNotFound(template)
jinja2.exceptions.TemplateNotFound: bash /opt/kest/scripts/run_duckdb_silver.sh
[2026-05-24T19:49:44.159+0000] {logging_mixin.py:188} INFO - [2026-05-24T19:49:44.159+0000] {templater.py:93} ERROR - Failed to resolve template field 'bash_command'
Traceback (most recent call last):
  File "/home/airflow/.local/lib/python3.12/site-packages/airflow/template/templater.py", line 91, in resolve_template_files
    setattr(self, field, env.loader.get_source(env, content)[0])  # type: ignore
                         ^^^^^^^^^^^^^^^^^^^^^^^^^^^^^^^^^^^
  File "/home/airflow/.local/lib/python3.12/site-packages/jinja2/loaders.py", line 207, in get_source
    raise TemplateNotFound(template)
jinja2.exceptions.TemplateNotFound: bash /opt/kest/scripts/run_duckdb_gold.sh
[2026-05-24T19:49:44.162+0000] {processor.py:840} INFO - DAG(s) 'kest_example_pipeline' retrieved from /opt/airflow/dags/kest_example_dag.py
[2026-05-24T19:49:44.183+0000] {logging_mixin.py:188} INFO - [2026-05-24T19:49:44.182+0000] {dag.py:3089} INFO - Sync 1 DAGs
[2026-05-24T19:49:44.191+0000] {logging_mixin.py:188} INFO - [2026-05-24T19:49:44.191+0000] {dag.py:3947} INFO - Setting next_dagrun for kest_example_pipeline to None, run_after=None
[2026-05-24T19:49:44.204+0000] {processor.py:183} INFO - Processing /opt/airflow/dags/kest_example_dag.py took 0.061 seconds
[2026-05-24T19:50:14.271+0000] {processor.py:161} INFO - Started process (PID=183) to work on /opt/airflow/dags/kest_example_dag.py
[2026-05-24T19:50:14.272+0000] {processor.py:830} INFO - Processing file /opt/airflow/dags/kest_example_dag.py for tasks to queue
[2026-05-24T19:50:14.273+0000] {logging_mixin.py:188} INFO - [2026-05-24T19:50:14.273+0000] {dagbag.py:545} INFO - Filling up the DagBag from /opt/airflow/dags/kest_example_dag.py
[2026-05-24T19:50:14.281+0000] {logging_mixin.py:188} INFO - [2026-05-24T19:50:14.280+0000] {templater.py:93} ERROR - Failed to resolve template field 'bash_command'
Traceback (most recent call last):
  File "/home/airflow/.local/lib/python3.12/site-packages/airflow/template/templater.py", line 91, in resolve_template_files
    setattr(self, field, env.loader.get_source(env, content)[0])  # type: ignore
                         ^^^^^^^^^^^^^^^^^^^^^^^^^^^^^^^^^^^
  File "/home/airflow/.local/lib/python3.12/site-packages/jinja2/loaders.py", line 207, in get_source
    raise TemplateNotFound(template)
jinja2.exceptions.TemplateNotFound: bash /opt/kest/scripts/run_dlt.sh
[2026-05-24T19:50:14.281+0000] {logging_mixin.py:188} INFO - [2026-05-24T19:50:14.281+0000] {templater.py:93} ERROR - Failed to resolve template field 'bash_command'
Traceback (most recent call last):
  File "/home/airflow/.local/lib/python3.12/site-packages/airflow/template/templater.py", line 91, in resolve_template_files
    setattr(self, field, env.loader.get_source(env, content)[0])  # type: ignore
                         ^^^^^^^^^^^^^^^^^^^^^^^^^^^^^^^^^^^
  File "/home/airflow/.local/lib/python3.12/site-packages/jinja2/loaders.py", line 207, in get_source
    raise TemplateNotFound(template)
jinja2.exceptions.TemplateNotFound: bash /opt/kest/scripts/run_duckdb_silver.sh
[2026-05-24T19:50:14.282+0000] {logging_mixin.py:188} INFO - [2026-05-24T19:50:14.282+0000] {templater.py:93} ERROR - Failed to resolve template field 'bash_command'
Traceback (most recent call last):
  File "/home/airflow/.local/lib/python3.12/site-packages/airflow/template/templater.py", line 91, in resolve_template_files
    setattr(self, field, env.loader.get_source(env, content)[0])  # type: ignore
                         ^^^^^^^^^^^^^^^^^^^^^^^^^^^^^^^^^^^
  File "/home/airflow/.local/lib/python3.12/site-packages/jinja2/loaders.py", line 207, in get_source
    raise TemplateNotFound(template)
jinja2.exceptions.TemplateNotFound: bash /opt/kest/scripts/run_duckdb_gold.sh
[2026-05-24T19:50:14.284+0000] {processor.py:840} INFO - DAG(s) 'kest_example_pipeline' retrieved from /opt/airflow/dags/kest_example_dag.py
[2026-05-24T19:50:14.301+0000] {logging_mixin.py:188} INFO - [2026-05-24T19:50:14.301+0000] {dag.py:3089} INFO - Sync 1 DAGs
[2026-05-24T19:50:14.308+0000] {logging_mixin.py:188} INFO - [2026-05-24T19:50:14.308+0000] {dag.py:3947} INFO - Setting next_dagrun for kest_example_pipeline to None, run_after=None
[2026-05-24T19:50:14.318+0000] {processor.py:183} INFO - Processing /opt/airflow/dags/kest_example_dag.py took 0.050 seconds
[2026-05-24T19:50:44.375+0000] {processor.py:161} INFO - Started process (PID=188) to work on /opt/airflow/dags/kest_example_dag.py
[2026-05-24T19:50:44.375+0000] {processor.py:830} INFO - Processing file /opt/airflow/dags/kest_example_dag.py for tasks to queue
[2026-05-24T19:50:44.377+0000] {logging_mixin.py:188} INFO - [2026-05-24T19:50:44.377+0000] {dagbag.py:545} INFO - Filling up the DagBag from /opt/airflow/dags/kest_example_dag.py
[2026-05-24T19:50:44.385+0000] {logging_mixin.py:188} INFO - [2026-05-24T19:50:44.384+0000] {templater.py:93} ERROR - Failed to resolve template field 'bash_command'
Traceback (most recent call last):
  File "/home/airflow/.local/lib/python3.12/site-packages/airflow/template/templater.py", line 91, in resolve_template_files
    setattr(self, field, env.loader.get_source(env, content)[0])  # type: ignore
                         ^^^^^^^^^^^^^^^^^^^^^^^^^^^^^^^^^^^
  File "/home/airflow/.local/lib/python3.12/site-packages/jinja2/loaders.py", line 207, in get_source
    raise TemplateNotFound(template)
jinja2.exceptions.TemplateNotFound: bash /opt/kest/scripts/run_dlt.sh
[2026-05-24T19:50:44.386+0000] {logging_mixin.py:188} INFO - [2026-05-24T19:50:44.386+0000] {templater.py:93} ERROR - Failed to resolve template field 'bash_command'
Traceback (most recent call last):
  File "/home/airflow/.local/lib/python3.12/site-packages/airflow/template/templater.py", line 91, in resolve_template_files
    setattr(self, field, env.loader.get_source(env, content)[0])  # type: ignore
                         ^^^^^^^^^^^^^^^^^^^^^^^^^^^^^^^^^^^
  File "/home/airflow/.local/lib/python3.12/site-packages/jinja2/loaders.py", line 207, in get_source
    raise TemplateNotFound(template)
jinja2.exceptions.TemplateNotFound: bash /opt/kest/scripts/run_duckdb_silver.sh
[2026-05-24T19:50:44.386+0000] {logging_mixin.py:188} INFO - [2026-05-24T19:50:44.386+0000] {templater.py:93} ERROR - Failed to resolve template field 'bash_command'
Traceback (most recent call last):
  File "/home/airflow/.local/lib/python3.12/site-packages/airflow/template/templater.py", line 91, in resolve_template_files
    setattr(self, field, env.loader.get_source(env, content)[0])  # type: ignore
                         ^^^^^^^^^^^^^^^^^^^^^^^^^^^^^^^^^^^
  File "/home/airflow/.local/lib/python3.12/site-packages/jinja2/loaders.py", line 207, in get_source
    raise TemplateNotFound(template)
jinja2.exceptions.TemplateNotFound: bash /opt/kest/scripts/run_duckdb_gold.sh
[2026-05-24T19:50:44.390+0000] {processor.py:840} INFO - DAG(s) 'kest_example_pipeline' retrieved from /opt/airflow/dags/kest_example_dag.py
[2026-05-24T19:50:44.415+0000] {logging_mixin.py:188} INFO - [2026-05-24T19:50:44.414+0000] {dag.py:3089} INFO - Sync 1 DAGs
[2026-05-24T19:50:44.421+0000] {logging_mixin.py:188} INFO - [2026-05-24T19:50:44.421+0000] {dag.py:3947} INFO - Setting next_dagrun for kest_example_pipeline to None, run_after=None
[2026-05-24T19:50:44.433+0000] {processor.py:183} INFO - Processing /opt/airflow/dags/kest_example_dag.py took 0.062 seconds
[2026-05-24T19:51:14.490+0000] {processor.py:161} INFO - Started process (PID=193) to work on /opt/airflow/dags/kest_example_dag.py
[2026-05-24T19:51:14.491+0000] {processor.py:830} INFO - Processing file /opt/airflow/dags/kest_example_dag.py for tasks to queue
[2026-05-24T19:51:14.492+0000] {logging_mixin.py:188} INFO - [2026-05-24T19:51:14.491+0000] {dagbag.py:545} INFO - Filling up the DagBag from /opt/airflow/dags/kest_example_dag.py
[2026-05-24T19:51:14.497+0000] {logging_mixin.py:188} INFO - [2026-05-24T19:51:14.497+0000] {templater.py:93} ERROR - Failed to resolve template field 'bash_command'
Traceback (most recent call last):
  File "/home/airflow/.local/lib/python3.12/site-packages/airflow/template/templater.py", line 91, in resolve_template_files
    setattr(self, field, env.loader.get_source(env, content)[0])  # type: ignore
                         ^^^^^^^^^^^^^^^^^^^^^^^^^^^^^^^^^^^
  File "/home/airflow/.local/lib/python3.12/site-packages/jinja2/loaders.py", line 207, in get_source
    raise TemplateNotFound(template)
jinja2.exceptions.TemplateNotFound: bash /opt/kest/scripts/run_dlt.sh
[2026-05-24T19:51:14.498+0000] {logging_mixin.py:188} INFO - [2026-05-24T19:51:14.497+0000] {templater.py:93} ERROR - Failed to resolve template field 'bash_command'
Traceback (most recent call last):
  File "/home/airflow/.local/lib/python3.12/site-packages/airflow/template/templater.py", line 91, in resolve_template_files
    setattr(self, field, env.loader.get_source(env, content)[0])  # type: ignore
                         ^^^^^^^^^^^^^^^^^^^^^^^^^^^^^^^^^^^
  File "/home/airflow/.local/lib/python3.12/site-packages/jinja2/loaders.py", line 207, in get_source
    raise TemplateNotFound(template)
jinja2.exceptions.TemplateNotFound: bash /opt/kest/scripts/run_duckdb_silver.sh
[2026-05-24T19:51:14.498+0000] {logging_mixin.py:188} INFO - [2026-05-24T19:51:14.498+0000] {templater.py:93} ERROR - Failed to resolve template field 'bash_command'
Traceback (most recent call last):
  File "/home/airflow/.local/lib/python3.12/site-packages/airflow/template/templater.py", line 91, in resolve_template_files
    setattr(self, field, env.loader.get_source(env, content)[0])  # type: ignore
                         ^^^^^^^^^^^^^^^^^^^^^^^^^^^^^^^^^^^
  File "/home/airflow/.local/lib/python3.12/site-packages/jinja2/loaders.py", line 207, in get_source
    raise TemplateNotFound(template)
jinja2.exceptions.TemplateNotFound: bash /opt/kest/scripts/run_duckdb_gold.sh
[2026-05-24T19:51:14.500+0000] {processor.py:840} INFO - DAG(s) 'kest_example_pipeline' retrieved from /opt/airflow/dags/kest_example_dag.py
[2026-05-24T19:51:14.521+0000] {logging_mixin.py:188} INFO - [2026-05-24T19:51:14.521+0000] {dag.py:3089} INFO - Sync 1 DAGs
[2026-05-24T19:51:14.528+0000] {logging_mixin.py:188} INFO - [2026-05-24T19:51:14.527+0000] {dag.py:3947} INFO - Setting next_dagrun for kest_example_pipeline to None, run_after=None
[2026-05-24T19:51:14.540+0000] {processor.py:183} INFO - Processing /opt/airflow/dags/kest_example_dag.py took 0.053 seconds
[2026-05-24T19:51:44.600+0000] {processor.py:161} INFO - Started process (PID=198) to work on /opt/airflow/dags/kest_example_dag.py
[2026-05-24T19:51:44.601+0000] {processor.py:830} INFO - Processing file /opt/airflow/dags/kest_example_dag.py for tasks to queue
[2026-05-24T19:51:44.601+0000] {logging_mixin.py:188} INFO - [2026-05-24T19:51:44.601+0000] {dagbag.py:545} INFO - Filling up the DagBag from /opt/airflow/dags/kest_example_dag.py
[2026-05-24T19:51:44.607+0000] {logging_mixin.py:188} INFO - [2026-05-24T19:51:44.606+0000] {templater.py:93} ERROR - Failed to resolve template field 'bash_command'
Traceback (most recent call last):
  File "/home/airflow/.local/lib/python3.12/site-packages/airflow/template/templater.py", line 91, in resolve_template_files
    setattr(self, field, env.loader.get_source(env, content)[0])  # type: ignore
                         ^^^^^^^^^^^^^^^^^^^^^^^^^^^^^^^^^^^
  File "/home/airflow/.local/lib/python3.12/site-packages/jinja2/loaders.py", line 207, in get_source
    raise TemplateNotFound(template)
jinja2.exceptions.TemplateNotFound: bash /opt/kest/scripts/run_dlt.sh
[2026-05-24T19:51:44.607+0000] {logging_mixin.py:188} INFO - [2026-05-24T19:51:44.607+0000] {templater.py:93} ERROR - Failed to resolve template field 'bash_command'
Traceback (most recent call last):
  File "/home/airflow/.local/lib/python3.12/site-packages/airflow/template/templater.py", line 91, in resolve_template_files
    setattr(self, field, env.loader.get_source(env, content)[0])  # type: ignore
                         ^^^^^^^^^^^^^^^^^^^^^^^^^^^^^^^^^^^
  File "/home/airflow/.local/lib/python3.12/site-packages/jinja2/loaders.py", line 207, in get_source
    raise TemplateNotFound(template)
jinja2.exceptions.TemplateNotFound: bash /opt/kest/scripts/run_duckdb_silver.sh
[2026-05-24T19:51:44.608+0000] {logging_mixin.py:188} INFO - [2026-05-24T19:51:44.608+0000] {templater.py:93} ERROR - Failed to resolve template field 'bash_command'
Traceback (most recent call last):
  File "/home/airflow/.local/lib/python3.12/site-packages/airflow/template/templater.py", line 91, in resolve_template_files
    setattr(self, field, env.loader.get_source(env, content)[0])  # type: ignore
                         ^^^^^^^^^^^^^^^^^^^^^^^^^^^^^^^^^^^
  File "/home/airflow/.local/lib/python3.12/site-packages/jinja2/loaders.py", line 207, in get_source
    raise TemplateNotFound(template)
jinja2.exceptions.TemplateNotFound: bash /opt/kest/scripts/run_duckdb_gold.sh
[2026-05-24T19:51:44.610+0000] {processor.py:840} INFO - DAG(s) 'kest_example_pipeline' retrieved from /opt/airflow/dags/kest_example_dag.py
[2026-05-24T19:51:44.631+0000] {logging_mixin.py:188} INFO - [2026-05-24T19:51:44.631+0000] {dag.py:3089} INFO - Sync 1 DAGs
[2026-05-24T19:51:44.641+0000] {logging_mixin.py:188} INFO - [2026-05-24T19:51:44.640+0000] {dag.py:3947} INFO - Setting next_dagrun for kest_example_pipeline to None, run_after=None
[2026-05-24T19:51:44.651+0000] {processor.py:183} INFO - Processing /opt/airflow/dags/kest_example_dag.py took 0.054 seconds
[2026-05-24T19:52:14.704+0000] {processor.py:161} INFO - Started process (PID=203) to work on /opt/airflow/dags/kest_example_dag.py
[2026-05-24T19:52:14.705+0000] {processor.py:830} INFO - Processing file /opt/airflow/dags/kest_example_dag.py for tasks to queue
[2026-05-24T19:52:14.706+0000] {logging_mixin.py:188} INFO - [2026-05-24T19:52:14.706+0000] {dagbag.py:545} INFO - Filling up the DagBag from /opt/airflow/dags/kest_example_dag.py
[2026-05-24T19:52:14.712+0000] {logging_mixin.py:188} INFO - [2026-05-24T19:52:14.711+0000] {templater.py:93} ERROR - Failed to resolve template field 'bash_command'
Traceback (most recent call last):
  File "/home/airflow/.local/lib/python3.12/site-packages/airflow/template/templater.py", line 91, in resolve_template_files
    setattr(self, field, env.loader.get_source(env, content)[0])  # type: ignore
                         ^^^^^^^^^^^^^^^^^^^^^^^^^^^^^^^^^^^
  File "/home/airflow/.local/lib/python3.12/site-packages/jinja2/loaders.py", line 207, in get_source
    raise TemplateNotFound(template)
jinja2.exceptions.TemplateNotFound: bash /opt/kest/scripts/run_dlt.sh
[2026-05-24T19:52:14.712+0000] {logging_mixin.py:188} INFO - [2026-05-24T19:52:14.712+0000] {templater.py:93} ERROR - Failed to resolve template field 'bash_command'
Traceback (most recent call last):
  File "/home/airflow/.local/lib/python3.12/site-packages/airflow/template/templater.py", line 91, in resolve_template_files
    setattr(self, field, env.loader.get_source(env, content)[0])  # type: ignore
                         ^^^^^^^^^^^^^^^^^^^^^^^^^^^^^^^^^^^
  File "/home/airflow/.local/lib/python3.12/site-packages/jinja2/loaders.py", line 207, in get_source
    raise TemplateNotFound(template)
jinja2.exceptions.TemplateNotFound: bash /opt/kest/scripts/run_duckdb_silver.sh
[2026-05-24T19:52:14.712+0000] {logging_mixin.py:188} INFO - [2026-05-24T19:52:14.712+0000] {templater.py:93} ERROR - Failed to resolve template field 'bash_command'
Traceback (most recent call last):
  File "/home/airflow/.local/lib/python3.12/site-packages/airflow/template/templater.py", line 91, in resolve_template_files
    setattr(self, field, env.loader.get_source(env, content)[0])  # type: ignore
                         ^^^^^^^^^^^^^^^^^^^^^^^^^^^^^^^^^^^
  File "/home/airflow/.local/lib/python3.12/site-packages/jinja2/loaders.py", line 207, in get_source
    raise TemplateNotFound(template)
jinja2.exceptions.TemplateNotFound: bash /opt/kest/scripts/run_duckdb_gold.sh
[2026-05-24T19:52:14.715+0000] {processor.py:840} INFO - DAG(s) 'kest_example_pipeline' retrieved from /opt/airflow/dags/kest_example_dag.py
[2026-05-24T19:52:14.731+0000] {logging_mixin.py:188} INFO - [2026-05-24T19:52:14.731+0000] {dag.py:3089} INFO - Sync 1 DAGs
[2026-05-24T19:52:14.738+0000] {logging_mixin.py:188} INFO - [2026-05-24T19:52:14.738+0000] {dag.py:3947} INFO - Setting next_dagrun for kest_example_pipeline to None, run_after=None
[2026-05-24T19:52:14.748+0000] {processor.py:183} INFO - Processing /opt/airflow/dags/kest_example_dag.py took 0.048 seconds
[2026-05-24T19:52:44.816+0000] {processor.py:161} INFO - Started process (PID=208) to work on /opt/airflow/dags/kest_example_dag.py
[2026-05-24T19:52:44.816+0000] {processor.py:830} INFO - Processing file /opt/airflow/dags/kest_example_dag.py for tasks to queue
[2026-05-24T19:52:44.817+0000] {logging_mixin.py:188} INFO - [2026-05-24T19:52:44.817+0000] {dagbag.py:545} INFO - Filling up the DagBag from /opt/airflow/dags/kest_example_dag.py
[2026-05-24T19:52:44.823+0000] {logging_mixin.py:188} INFO - [2026-05-24T19:52:44.822+0000] {templater.py:93} ERROR - Failed to resolve template field 'bash_command'
Traceback (most recent call last):
  File "/home/airflow/.local/lib/python3.12/site-packages/airflow/template/templater.py", line 91, in resolve_template_files
    setattr(self, field, env.loader.get_source(env, content)[0])  # type: ignore
                         ^^^^^^^^^^^^^^^^^^^^^^^^^^^^^^^^^^^
  File "/home/airflow/.local/lib/python3.12/site-packages/jinja2/loaders.py", line 207, in get_source
    raise TemplateNotFound(template)
jinja2.exceptions.TemplateNotFound: bash /opt/kest/scripts/run_dlt.sh
[2026-05-24T19:52:44.824+0000] {logging_mixin.py:188} INFO - [2026-05-24T19:52:44.823+0000] {templater.py:93} ERROR - Failed to resolve template field 'bash_command'
Traceback (most recent call last):
  File "/home/airflow/.local/lib/python3.12/site-packages/airflow/template/templater.py", line 91, in resolve_template_files
    setattr(self, field, env.loader.get_source(env, content)[0])  # type: ignore
                         ^^^^^^^^^^^^^^^^^^^^^^^^^^^^^^^^^^^
  File "/home/airflow/.local/lib/python3.12/site-packages/jinja2/loaders.py", line 207, in get_source
    raise TemplateNotFound(template)
jinja2.exceptions.TemplateNotFound: bash /opt/kest/scripts/run_duckdb_silver.sh
[2026-05-24T19:52:44.824+0000] {logging_mixin.py:188} INFO - [2026-05-24T19:52:44.824+0000] {templater.py:93} ERROR - Failed to resolve template field 'bash_command'
Traceback (most recent call last):
  File "/home/airflow/.local/lib/python3.12/site-packages/airflow/template/templater.py", line 91, in resolve_template_files
    setattr(self, field, env.loader.get_source(env, content)[0])  # type: ignore
                         ^^^^^^^^^^^^^^^^^^^^^^^^^^^^^^^^^^^
  File "/home/airflow/.local/lib/python3.12/site-packages/jinja2/loaders.py", line 207, in get_source
    raise TemplateNotFound(template)
jinja2.exceptions.TemplateNotFound: bash /opt/kest/scripts/run_duckdb_gold.sh
[2026-05-24T19:52:44.827+0000] {processor.py:840} INFO - DAG(s) 'kest_example_pipeline' retrieved from /opt/airflow/dags/kest_example_dag.py
[2026-05-24T19:52:44.843+0000] {logging_mixin.py:188} INFO - [2026-05-24T19:52:44.843+0000] {dag.py:3089} INFO - Sync 1 DAGs
[2026-05-24T19:52:44.850+0000] {logging_mixin.py:188} INFO - [2026-05-24T19:52:44.850+0000] {dag.py:3947} INFO - Setting next_dagrun for kest_example_pipeline to None, run_after=None
[2026-05-24T19:52:44.862+0000] {processor.py:183} INFO - Processing /opt/airflow/dags/kest_example_dag.py took 0.050 seconds
[2026-05-24T19:53:14.908+0000] {processor.py:161} INFO - Started process (PID=213) to work on /opt/airflow/dags/kest_example_dag.py
[2026-05-24T19:53:14.908+0000] {processor.py:830} INFO - Processing file /opt/airflow/dags/kest_example_dag.py for tasks to queue
[2026-05-24T19:53:14.909+0000] {logging_mixin.py:188} INFO - [2026-05-24T19:53:14.909+0000] {dagbag.py:545} INFO - Filling up the DagBag from /opt/airflow/dags/kest_example_dag.py
[2026-05-24T19:53:14.915+0000] {logging_mixin.py:188} INFO - [2026-05-24T19:53:14.914+0000] {templater.py:93} ERROR - Failed to resolve template field 'bash_command'
Traceback (most recent call last):
  File "/home/airflow/.local/lib/python3.12/site-packages/airflow/template/templater.py", line 91, in resolve_template_files
    setattr(self, field, env.loader.get_source(env, content)[0])  # type: ignore
                         ^^^^^^^^^^^^^^^^^^^^^^^^^^^^^^^^^^^
  File "/home/airflow/.local/lib/python3.12/site-packages/jinja2/loaders.py", line 207, in get_source
    raise TemplateNotFound(template)
jinja2.exceptions.TemplateNotFound: bash /opt/kest/scripts/run_dlt.sh
[2026-05-24T19:53:14.915+0000] {logging_mixin.py:188} INFO - [2026-05-24T19:53:14.915+0000] {templater.py:93} ERROR - Failed to resolve template field 'bash_command'
Traceback (most recent call last):
  File "/home/airflow/.local/lib/python3.12/site-packages/airflow/template/templater.py", line 91, in resolve_template_files
    setattr(self, field, env.loader.get_source(env, content)[0])  # type: ignore
                         ^^^^^^^^^^^^^^^^^^^^^^^^^^^^^^^^^^^
  File "/home/airflow/.local/lib/python3.12/site-packages/jinja2/loaders.py", line 207, in get_source
    raise TemplateNotFound(template)
jinja2.exceptions.TemplateNotFound: bash /opt/kest/scripts/run_duckdb_silver.sh
[2026-05-24T19:53:14.915+0000] {logging_mixin.py:188} INFO - [2026-05-24T19:53:14.915+0000] {templater.py:93} ERROR - Failed to resolve template field 'bash_command'
Traceback (most recent call last):
  File "/home/airflow/.local/lib/python3.12/site-packages/airflow/template/templater.py", line 91, in resolve_template_files
    setattr(self, field, env.loader.get_source(env, content)[0])  # type: ignore
                         ^^^^^^^^^^^^^^^^^^^^^^^^^^^^^^^^^^^
  File "/home/airflow/.local/lib/python3.12/site-packages/jinja2/loaders.py", line 207, in get_source
    raise TemplateNotFound(template)
jinja2.exceptions.TemplateNotFound: bash /opt/kest/scripts/run_duckdb_gold.sh
[2026-05-24T19:53:14.918+0000] {processor.py:840} INFO - DAG(s) 'kest_example_pipeline' retrieved from /opt/airflow/dags/kest_example_dag.py
[2026-05-24T19:53:14.935+0000] {logging_mixin.py:188} INFO - [2026-05-24T19:53:14.935+0000] {dag.py:3089} INFO - Sync 1 DAGs
[2026-05-24T19:53:14.942+0000] {logging_mixin.py:188} INFO - [2026-05-24T19:53:14.942+0000] {dag.py:3947} INFO - Setting next_dagrun for kest_example_pipeline to None, run_after=None
[2026-05-24T19:53:14.953+0000] {processor.py:183} INFO - Processing /opt/airflow/dags/kest_example_dag.py took 0.048 seconds
[2026-05-24T19:53:45.037+0000] {processor.py:161} INFO - Started process (PID=218) to work on /opt/airflow/dags/kest_example_dag.py
[2026-05-24T19:53:45.037+0000] {processor.py:830} INFO - Processing file /opt/airflow/dags/kest_example_dag.py for tasks to queue
[2026-05-24T19:53:45.038+0000] {logging_mixin.py:188} INFO - [2026-05-24T19:53:45.038+0000] {dagbag.py:545} INFO - Filling up the DagBag from /opt/airflow/dags/kest_example_dag.py
[2026-05-24T19:53:45.044+0000] {logging_mixin.py:188} INFO - [2026-05-24T19:53:45.044+0000] {templater.py:93} ERROR - Failed to resolve template field 'bash_command'
Traceback (most recent call last):
  File "/home/airflow/.local/lib/python3.12/site-packages/airflow/template/templater.py", line 91, in resolve_template_files
    setattr(self, field, env.loader.get_source(env, content)[0])  # type: ignore
                         ^^^^^^^^^^^^^^^^^^^^^^^^^^^^^^^^^^^
  File "/home/airflow/.local/lib/python3.12/site-packages/jinja2/loaders.py", line 207, in get_source
    raise TemplateNotFound(template)
jinja2.exceptions.TemplateNotFound: bash /opt/kest/scripts/run_dlt.sh
[2026-05-24T19:53:45.045+0000] {logging_mixin.py:188} INFO - [2026-05-24T19:53:45.045+0000] {templater.py:93} ERROR - Failed to resolve template field 'bash_command'
Traceback (most recent call last):
  File "/home/airflow/.local/lib/python3.12/site-packages/airflow/template/templater.py", line 91, in resolve_template_files
    setattr(self, field, env.loader.get_source(env, content)[0])  # type: ignore
                         ^^^^^^^^^^^^^^^^^^^^^^^^^^^^^^^^^^^
  File "/home/airflow/.local/lib/python3.12/site-packages/jinja2/loaders.py", line 207, in get_source
    raise TemplateNotFound(template)
jinja2.exceptions.TemplateNotFound: bash /opt/kest/scripts/run_duckdb_silver.sh
[2026-05-24T19:53:45.045+0000] {logging_mixin.py:188} INFO - [2026-05-24T19:53:45.045+0000] {templater.py:93} ERROR - Failed to resolve template field 'bash_command'
Traceback (most recent call last):
  File "/home/airflow/.local/lib/python3.12/site-packages/airflow/template/templater.py", line 91, in resolve_template_files
    setattr(self, field, env.loader.get_source(env, content)[0])  # type: ignore
                         ^^^^^^^^^^^^^^^^^^^^^^^^^^^^^^^^^^^
  File "/home/airflow/.local/lib/python3.12/site-packages/jinja2/loaders.py", line 207, in get_source
    raise TemplateNotFound(template)
jinja2.exceptions.TemplateNotFound: bash /opt/kest/scripts/run_duckdb_gold.sh
[2026-05-24T19:53:45.048+0000] {processor.py:840} INFO - DAG(s) 'kest_example_pipeline' retrieved from /opt/airflow/dags/kest_example_dag.py
[2026-05-24T19:53:45.072+0000] {logging_mixin.py:188} INFO - [2026-05-24T19:53:45.072+0000] {dag.py:3089} INFO - Sync 1 DAGs
[2026-05-24T19:53:45.080+0000] {logging_mixin.py:188} INFO - [2026-05-24T19:53:45.080+0000] {dag.py:3947} INFO - Setting next_dagrun for kest_example_pipeline to None, run_after=None
[2026-05-24T19:53:45.092+0000] {processor.py:183} INFO - Processing /opt/airflow/dags/kest_example_dag.py took 0.060 seconds
[2026-05-24T19:54:15.134+0000] {processor.py:161} INFO - Started process (PID=223) to work on /opt/airflow/dags/kest_example_dag.py
[2026-05-24T19:54:15.134+0000] {processor.py:830} INFO - Processing file /opt/airflow/dags/kest_example_dag.py for tasks to queue
[2026-05-24T19:54:15.135+0000] {logging_mixin.py:188} INFO - [2026-05-24T19:54:15.135+0000] {dagbag.py:545} INFO - Filling up the DagBag from /opt/airflow/dags/kest_example_dag.py
[2026-05-24T19:54:15.141+0000] {logging_mixin.py:188} INFO - [2026-05-24T19:54:15.141+0000] {templater.py:93} ERROR - Failed to resolve template field 'bash_command'
Traceback (most recent call last):
  File "/home/airflow/.local/lib/python3.12/site-packages/airflow/template/templater.py", line 91, in resolve_template_files
    setattr(self, field, env.loader.get_source(env, content)[0])  # type: ignore
                         ^^^^^^^^^^^^^^^^^^^^^^^^^^^^^^^^^^^
  File "/home/airflow/.local/lib/python3.12/site-packages/jinja2/loaders.py", line 207, in get_source
    raise TemplateNotFound(template)
jinja2.exceptions.TemplateNotFound: bash /opt/kest/scripts/run_dlt.sh
[2026-05-24T19:54:15.142+0000] {logging_mixin.py:188} INFO - [2026-05-24T19:54:15.142+0000] {templater.py:93} ERROR - Failed to resolve template field 'bash_command'
Traceback (most recent call last):
  File "/home/airflow/.local/lib/python3.12/site-packages/airflow/template/templater.py", line 91, in resolve_template_files
    setattr(self, field, env.loader.get_source(env, content)[0])  # type: ignore
                         ^^^^^^^^^^^^^^^^^^^^^^^^^^^^^^^^^^^
  File "/home/airflow/.local/lib/python3.12/site-packages/jinja2/loaders.py", line 207, in get_source
    raise TemplateNotFound(template)
jinja2.exceptions.TemplateNotFound: bash /opt/kest/scripts/run_duckdb_silver.sh
[2026-05-24T19:54:15.142+0000] {logging_mixin.py:188} INFO - [2026-05-24T19:54:15.142+0000] {templater.py:93} ERROR - Failed to resolve template field 'bash_command'
Traceback (most recent call last):
  File "/home/airflow/.local/lib/python3.12/site-packages/airflow/template/templater.py", line 91, in resolve_template_files
    setattr(self, field, env.loader.get_source(env, content)[0])  # type: ignore
                         ^^^^^^^^^^^^^^^^^^^^^^^^^^^^^^^^^^^
  File "/home/airflow/.local/lib/python3.12/site-packages/jinja2/loaders.py", line 207, in get_source
    raise TemplateNotFound(template)
jinja2.exceptions.TemplateNotFound: bash /opt/kest/scripts/run_duckdb_gold.sh
[2026-05-24T19:54:15.145+0000] {processor.py:840} INFO - DAG(s) 'kest_example_pipeline' retrieved from /opt/airflow/dags/kest_example_dag.py
[2026-05-24T19:54:15.171+0000] {logging_mixin.py:188} INFO - [2026-05-24T19:54:15.171+0000] {dag.py:3089} INFO - Sync 1 DAGs
[2026-05-24T19:54:15.179+0000] {logging_mixin.py:188} INFO - [2026-05-24T19:54:15.179+0000] {dag.py:3947} INFO - Setting next_dagrun for kest_example_pipeline to None, run_after=None
[2026-05-24T19:54:15.191+0000] {processor.py:183} INFO - Processing /opt/airflow/dags/kest_example_dag.py took 0.060 seconds
[2026-05-24T19:54:45.257+0000] {processor.py:161} INFO - Started process (PID=228) to work on /opt/airflow/dags/kest_example_dag.py
[2026-05-24T19:54:45.258+0000] {processor.py:830} INFO - Processing file /opt/airflow/dags/kest_example_dag.py for tasks to queue
[2026-05-24T19:54:45.259+0000] {logging_mixin.py:188} INFO - [2026-05-24T19:54:45.259+0000] {dagbag.py:545} INFO - Filling up the DagBag from /opt/airflow/dags/kest_example_dag.py
[2026-05-24T19:54:45.266+0000] {logging_mixin.py:188} INFO - [2026-05-24T19:54:45.265+0000] {templater.py:93} ERROR - Failed to resolve template field 'bash_command'
Traceback (most recent call last):
  File "/home/airflow/.local/lib/python3.12/site-packages/airflow/template/templater.py", line 91, in resolve_template_files
    setattr(self, field, env.loader.get_source(env, content)[0])  # type: ignore
                         ^^^^^^^^^^^^^^^^^^^^^^^^^^^^^^^^^^^
  File "/home/airflow/.local/lib/python3.12/site-packages/jinja2/loaders.py", line 207, in get_source
    raise TemplateNotFound(template)
jinja2.exceptions.TemplateNotFound: bash /opt/kest/scripts/run_dlt.sh
[2026-05-24T19:54:45.266+0000] {logging_mixin.py:188} INFO - [2026-05-24T19:54:45.266+0000] {templater.py:93} ERROR - Failed to resolve template field 'bash_command'
Traceback (most recent call last):
  File "/home/airflow/.local/lib/python3.12/site-packages/airflow/template/templater.py", line 91, in resolve_template_files
    setattr(self, field, env.loader.get_source(env, content)[0])  # type: ignore
                         ^^^^^^^^^^^^^^^^^^^^^^^^^^^^^^^^^^^
  File "/home/airflow/.local/lib/python3.12/site-packages/jinja2/loaders.py", line 207, in get_source
    raise TemplateNotFound(template)
jinja2.exceptions.TemplateNotFound: bash /opt/kest/scripts/run_duckdb_silver.sh
[2026-05-24T19:54:45.267+0000] {logging_mixin.py:188} INFO - [2026-05-24T19:54:45.267+0000] {templater.py:93} ERROR - Failed to resolve template field 'bash_command'
Traceback (most recent call last):
  File "/home/airflow/.local/lib/python3.12/site-packages/airflow/template/templater.py", line 91, in resolve_template_files
    setattr(self, field, env.loader.get_source(env, content)[0])  # type: ignore
                         ^^^^^^^^^^^^^^^^^^^^^^^^^^^^^^^^^^^
  File "/home/airflow/.local/lib/python3.12/site-packages/jinja2/loaders.py", line 207, in get_source
    raise TemplateNotFound(template)
jinja2.exceptions.TemplateNotFound: bash /opt/kest/scripts/run_duckdb_gold.sh
[2026-05-24T19:54:45.270+0000] {processor.py:840} INFO - DAG(s) 'kest_example_pipeline' retrieved from /opt/airflow/dags/kest_example_dag.py
[2026-05-24T19:54:45.288+0000] {logging_mixin.py:188} INFO - [2026-05-24T19:54:45.288+0000] {dag.py:3089} INFO - Sync 1 DAGs
[2026-05-24T19:54:45.295+0000] {logging_mixin.py:188} INFO - [2026-05-24T19:54:45.295+0000] {dag.py:3947} INFO - Setting next_dagrun for kest_example_pipeline to None, run_after=None
[2026-05-24T19:54:45.306+0000] {processor.py:183} INFO - Processing /opt/airflow/dags/kest_example_dag.py took 0.053 seconds
[2026-05-24T19:55:15.354+0000] {processor.py:161} INFO - Started process (PID=233) to work on /opt/airflow/dags/kest_example_dag.py
[2026-05-24T19:55:15.355+0000] {processor.py:830} INFO - Processing file /opt/airflow/dags/kest_example_dag.py for tasks to queue
[2026-05-24T19:55:15.356+0000] {logging_mixin.py:188} INFO - [2026-05-24T19:55:15.356+0000] {dagbag.py:545} INFO - Filling up the DagBag from /opt/airflow/dags/kest_example_dag.py
[2026-05-24T19:55:15.364+0000] {logging_mixin.py:188} INFO - [2026-05-24T19:55:15.363+0000] {templater.py:93} ERROR - Failed to resolve template field 'bash_command'
Traceback (most recent call last):
  File "/home/airflow/.local/lib/python3.12/site-packages/airflow/template/templater.py", line 91, in resolve_template_files
    setattr(self, field, env.loader.get_source(env, content)[0])  # type: ignore
                         ^^^^^^^^^^^^^^^^^^^^^^^^^^^^^^^^^^^
  File "/home/airflow/.local/lib/python3.12/site-packages/jinja2/loaders.py", line 207, in get_source
    raise TemplateNotFound(template)
jinja2.exceptions.TemplateNotFound: bash /opt/kest/scripts/run_dlt.sh
[2026-05-24T19:55:15.365+0000] {logging_mixin.py:188} INFO - [2026-05-24T19:55:15.365+0000] {templater.py:93} ERROR - Failed to resolve template field 'bash_command'
Traceback (most recent call last):
  File "/home/airflow/.local/lib/python3.12/site-packages/airflow/template/templater.py", line 91, in resolve_template_files
    setattr(self, field, env.loader.get_source(env, content)[0])  # type: ignore
                         ^^^^^^^^^^^^^^^^^^^^^^^^^^^^^^^^^^^
  File "/home/airflow/.local/lib/python3.12/site-packages/jinja2/loaders.py", line 207, in get_source
    raise TemplateNotFound(template)
jinja2.exceptions.TemplateNotFound: bash /opt/kest/scripts/run_duckdb_silver.sh
[2026-05-24T19:55:15.365+0000] {logging_mixin.py:188} INFO - [2026-05-24T19:55:15.365+0000] {templater.py:93} ERROR - Failed to resolve template field 'bash_command'
Traceback (most recent call last):
  File "/home/airflow/.local/lib/python3.12/site-packages/airflow/template/templater.py", line 91, in resolve_template_files
    setattr(self, field, env.loader.get_source(env, content)[0])  # type: ignore
                         ^^^^^^^^^^^^^^^^^^^^^^^^^^^^^^^^^^^
  File "/home/airflow/.local/lib/python3.12/site-packages/jinja2/loaders.py", line 207, in get_source
    raise TemplateNotFound(template)
jinja2.exceptions.TemplateNotFound: bash /opt/kest/scripts/run_duckdb_gold.sh
[2026-05-24T19:55:15.368+0000] {processor.py:840} INFO - DAG(s) 'kest_example_pipeline' retrieved from /opt/airflow/dags/kest_example_dag.py
[2026-05-24T19:55:15.388+0000] {logging_mixin.py:188} INFO - [2026-05-24T19:55:15.388+0000] {dag.py:3089} INFO - Sync 1 DAGs
[2026-05-24T19:55:15.395+0000] {logging_mixin.py:188} INFO - [2026-05-24T19:55:15.395+0000] {dag.py:3947} INFO - Setting next_dagrun for kest_example_pipeline to None, run_after=None
[2026-05-24T19:55:15.406+0000] {processor.py:183} INFO - Processing /opt/airflow/dags/kest_example_dag.py took 0.057 seconds
[2026-05-24T19:55:45.468+0000] {processor.py:161} INFO - Started process (PID=238) to work on /opt/airflow/dags/kest_example_dag.py
[2026-05-24T19:55:45.469+0000] {processor.py:830} INFO - Processing file /opt/airflow/dags/kest_example_dag.py for tasks to queue
[2026-05-24T19:55:45.470+0000] {logging_mixin.py:188} INFO - [2026-05-24T19:55:45.470+0000] {dagbag.py:545} INFO - Filling up the DagBag from /opt/airflow/dags/kest_example_dag.py
[2026-05-24T19:55:45.476+0000] {logging_mixin.py:188} INFO - [2026-05-24T19:55:45.475+0000] {templater.py:93} ERROR - Failed to resolve template field 'bash_command'
Traceback (most recent call last):
  File "/home/airflow/.local/lib/python3.12/site-packages/airflow/template/templater.py", line 91, in resolve_template_files
    setattr(self, field, env.loader.get_source(env, content)[0])  # type: ignore
                         ^^^^^^^^^^^^^^^^^^^^^^^^^^^^^^^^^^^
  File "/home/airflow/.local/lib/python3.12/site-packages/jinja2/loaders.py", line 207, in get_source
    raise TemplateNotFound(template)
jinja2.exceptions.TemplateNotFound: bash /opt/kest/scripts/run_dlt.sh
[2026-05-24T19:55:45.477+0000] {logging_mixin.py:188} INFO - [2026-05-24T19:55:45.476+0000] {templater.py:93} ERROR - Failed to resolve template field 'bash_command'
Traceback (most recent call last):
  File "/home/airflow/.local/lib/python3.12/site-packages/airflow/template/templater.py", line 91, in resolve_template_files
    setattr(self, field, env.loader.get_source(env, content)[0])  # type: ignore
                         ^^^^^^^^^^^^^^^^^^^^^^^^^^^^^^^^^^^
  File "/home/airflow/.local/lib/python3.12/site-packages/jinja2/loaders.py", line 207, in get_source
    raise TemplateNotFound(template)
jinja2.exceptions.TemplateNotFound: bash /opt/kest/scripts/run_duckdb_silver.sh
[2026-05-24T19:55:45.477+0000] {logging_mixin.py:188} INFO - [2026-05-24T19:55:45.477+0000] {templater.py:93} ERROR - Failed to resolve template field 'bash_command'
Traceback (most recent call last):
  File "/home/airflow/.local/lib/python3.12/site-packages/airflow/template/templater.py", line 91, in resolve_template_files
    setattr(self, field, env.loader.get_source(env, content)[0])  # type: ignore
                         ^^^^^^^^^^^^^^^^^^^^^^^^^^^^^^^^^^^
  File "/home/airflow/.local/lib/python3.12/site-packages/jinja2/loaders.py", line 207, in get_source
    raise TemplateNotFound(template)
jinja2.exceptions.TemplateNotFound: bash /opt/kest/scripts/run_duckdb_gold.sh
[2026-05-24T19:55:45.479+0000] {processor.py:840} INFO - DAG(s) 'kest_example_pipeline' retrieved from /opt/airflow/dags/kest_example_dag.py
[2026-05-24T19:55:45.501+0000] {logging_mixin.py:188} INFO - [2026-05-24T19:55:45.501+0000] {dag.py:3089} INFO - Sync 1 DAGs
[2026-05-24T19:55:45.508+0000] {logging_mixin.py:188} INFO - [2026-05-24T19:55:45.508+0000] {dag.py:3947} INFO - Setting next_dagrun for kest_example_pipeline to None, run_after=None
[2026-05-24T19:55:45.522+0000] {processor.py:183} INFO - Processing /opt/airflow/dags/kest_example_dag.py took 0.057 seconds
[2026-05-24T19:56:15.571+0000] {processor.py:161} INFO - Started process (PID=243) to work on /opt/airflow/dags/kest_example_dag.py
[2026-05-24T19:56:15.571+0000] {processor.py:830} INFO - Processing file /opt/airflow/dags/kest_example_dag.py for tasks to queue
[2026-05-24T19:56:15.572+0000] {logging_mixin.py:188} INFO - [2026-05-24T19:56:15.572+0000] {dagbag.py:545} INFO - Filling up the DagBag from /opt/airflow/dags/kest_example_dag.py
[2026-05-24T19:56:15.578+0000] {logging_mixin.py:188} INFO - [2026-05-24T19:56:15.577+0000] {templater.py:93} ERROR - Failed to resolve template field 'bash_command'
Traceback (most recent call last):
  File "/home/airflow/.local/lib/python3.12/site-packages/airflow/template/templater.py", line 91, in resolve_template_files
    setattr(self, field, env.loader.get_source(env, content)[0])  # type: ignore
                         ^^^^^^^^^^^^^^^^^^^^^^^^^^^^^^^^^^^
  File "/home/airflow/.local/lib/python3.12/site-packages/jinja2/loaders.py", line 207, in get_source
    raise TemplateNotFound(template)
jinja2.exceptions.TemplateNotFound: bash /opt/kest/scripts/run_dlt.sh
[2026-05-24T19:56:15.578+0000] {logging_mixin.py:188} INFO - [2026-05-24T19:56:15.578+0000] {templater.py:93} ERROR - Failed to resolve template field 'bash_command'
Traceback (most recent call last):
  File "/home/airflow/.local/lib/python3.12/site-packages/airflow/template/templater.py", line 91, in resolve_template_files
    setattr(self, field, env.loader.get_source(env, content)[0])  # type: ignore
                         ^^^^^^^^^^^^^^^^^^^^^^^^^^^^^^^^^^^
  File "/home/airflow/.local/lib/python3.12/site-packages/jinja2/loaders.py", line 207, in get_source
    raise TemplateNotFound(template)
jinja2.exceptions.TemplateNotFound: bash /opt/kest/scripts/run_duckdb_silver.sh
[2026-05-24T19:56:15.579+0000] {logging_mixin.py:188} INFO - [2026-05-24T19:56:15.579+0000] {templater.py:93} ERROR - Failed to resolve template field 'bash_command'
Traceback (most recent call last):
  File "/home/airflow/.local/lib/python3.12/site-packages/airflow/template/templater.py", line 91, in resolve_template_files
    setattr(self, field, env.loader.get_source(env, content)[0])  # type: ignore
                         ^^^^^^^^^^^^^^^^^^^^^^^^^^^^^^^^^^^
  File "/home/airflow/.local/lib/python3.12/site-packages/jinja2/loaders.py", line 207, in get_source
    raise TemplateNotFound(template)
jinja2.exceptions.TemplateNotFound: bash /opt/kest/scripts/run_duckdb_gold.sh
[2026-05-24T19:56:15.581+0000] {processor.py:840} INFO - DAG(s) 'kest_example_pipeline' retrieved from /opt/airflow/dags/kest_example_dag.py
[2026-05-24T19:56:15.601+0000] {logging_mixin.py:188} INFO - [2026-05-24T19:56:15.601+0000] {dag.py:3089} INFO - Sync 1 DAGs
[2026-05-24T19:56:15.608+0000] {logging_mixin.py:188} INFO - [2026-05-24T19:56:15.608+0000] {dag.py:3947} INFO - Setting next_dagrun for kest_example_pipeline to None, run_after=None
[2026-05-24T19:56:15.618+0000] {processor.py:183} INFO - Processing /opt/airflow/dags/kest_example_dag.py took 0.051 seconds
[2026-05-24T19:56:45.687+0000] {processor.py:161} INFO - Started process (PID=248) to work on /opt/airflow/dags/kest_example_dag.py
[2026-05-24T19:56:45.688+0000] {processor.py:830} INFO - Processing file /opt/airflow/dags/kest_example_dag.py for tasks to queue
[2026-05-24T19:56:45.689+0000] {logging_mixin.py:188} INFO - [2026-05-24T19:56:45.688+0000] {dagbag.py:545} INFO - Filling up the DagBag from /opt/airflow/dags/kest_example_dag.py
[2026-05-24T19:56:45.694+0000] {logging_mixin.py:188} INFO - [2026-05-24T19:56:45.694+0000] {templater.py:93} ERROR - Failed to resolve template field 'bash_command'
Traceback (most recent call last):
  File "/home/airflow/.local/lib/python3.12/site-packages/airflow/template/templater.py", line 91, in resolve_template_files
    setattr(self, field, env.loader.get_source(env, content)[0])  # type: ignore
                         ^^^^^^^^^^^^^^^^^^^^^^^^^^^^^^^^^^^
  File "/home/airflow/.local/lib/python3.12/site-packages/jinja2/loaders.py", line 207, in get_source
    raise TemplateNotFound(template)
jinja2.exceptions.TemplateNotFound: bash /opt/kest/scripts/run_dlt.sh
[2026-05-24T19:56:45.695+0000] {logging_mixin.py:188} INFO - [2026-05-24T19:56:45.694+0000] {templater.py:93} ERROR - Failed to resolve template field 'bash_command'
Traceback (most recent call last):
  File "/home/airflow/.local/lib/python3.12/site-packages/airflow/template/templater.py", line 91, in resolve_template_files
    setattr(self, field, env.loader.get_source(env, content)[0])  # type: ignore
                         ^^^^^^^^^^^^^^^^^^^^^^^^^^^^^^^^^^^
  File "/home/airflow/.local/lib/python3.12/site-packages/jinja2/loaders.py", line 207, in get_source
    raise TemplateNotFound(template)
jinja2.exceptions.TemplateNotFound: bash /opt/kest/scripts/run_duckdb_silver.sh
[2026-05-24T19:56:45.695+0000] {logging_mixin.py:188} INFO - [2026-05-24T19:56:45.695+0000] {templater.py:93} ERROR - Failed to resolve template field 'bash_command'
Traceback (most recent call last):
  File "/home/airflow/.local/lib/python3.12/site-packages/airflow/template/templater.py", line 91, in resolve_template_files
    setattr(self, field, env.loader.get_source(env, content)[0])  # type: ignore
                         ^^^^^^^^^^^^^^^^^^^^^^^^^^^^^^^^^^^
  File "/home/airflow/.local/lib/python3.12/site-packages/jinja2/loaders.py", line 207, in get_source
    raise TemplateNotFound(template)
jinja2.exceptions.TemplateNotFound: bash /opt/kest/scripts/run_duckdb_gold.sh
[2026-05-24T19:56:45.697+0000] {processor.py:840} INFO - DAG(s) 'kest_example_pipeline' retrieved from /opt/airflow/dags/kest_example_dag.py
[2026-05-24T19:56:45.718+0000] {logging_mixin.py:188} INFO - [2026-05-24T19:56:45.718+0000] {dag.py:3089} INFO - Sync 1 DAGs
[2026-05-24T19:56:45.725+0000] {logging_mixin.py:188} INFO - [2026-05-24T19:56:45.725+0000] {dag.py:3947} INFO - Setting next_dagrun for kest_example_pipeline to None, run_after=None
[2026-05-24T19:56:45.737+0000] {processor.py:183} INFO - Processing /opt/airflow/dags/kest_example_dag.py took 0.054 seconds
[2026-05-24T19:57:15.785+0000] {processor.py:161} INFO - Started process (PID=253) to work on /opt/airflow/dags/kest_example_dag.py
[2026-05-24T19:57:15.785+0000] {processor.py:830} INFO - Processing file /opt/airflow/dags/kest_example_dag.py for tasks to queue
[2026-05-24T19:57:15.786+0000] {logging_mixin.py:188} INFO - [2026-05-24T19:57:15.786+0000] {dagbag.py:545} INFO - Filling up the DagBag from /opt/airflow/dags/kest_example_dag.py
[2026-05-24T19:57:15.792+0000] {logging_mixin.py:188} INFO - [2026-05-24T19:57:15.791+0000] {templater.py:93} ERROR - Failed to resolve template field 'bash_command'
Traceback (most recent call last):
  File "/home/airflow/.local/lib/python3.12/site-packages/airflow/template/templater.py", line 91, in resolve_template_files
    setattr(self, field, env.loader.get_source(env, content)[0])  # type: ignore
                         ^^^^^^^^^^^^^^^^^^^^^^^^^^^^^^^^^^^
  File "/home/airflow/.local/lib/python3.12/site-packages/jinja2/loaders.py", line 207, in get_source
    raise TemplateNotFound(template)
jinja2.exceptions.TemplateNotFound: bash /opt/kest/scripts/run_dlt.sh
[2026-05-24T19:57:15.792+0000] {logging_mixin.py:188} INFO - [2026-05-24T19:57:15.792+0000] {templater.py:93} ERROR - Failed to resolve template field 'bash_command'
Traceback (most recent call last):
  File "/home/airflow/.local/lib/python3.12/site-packages/airflow/template/templater.py", line 91, in resolve_template_files
    setattr(self, field, env.loader.get_source(env, content)[0])  # type: ignore
                         ^^^^^^^^^^^^^^^^^^^^^^^^^^^^^^^^^^^
  File "/home/airflow/.local/lib/python3.12/site-packages/jinja2/loaders.py", line 207, in get_source
    raise TemplateNotFound(template)
jinja2.exceptions.TemplateNotFound: bash /opt/kest/scripts/run_duckdb_silver.sh
[2026-05-24T19:57:15.792+0000] {logging_mixin.py:188} INFO - [2026-05-24T19:57:15.792+0000] {templater.py:93} ERROR - Failed to resolve template field 'bash_command'
Traceback (most recent call last):
  File "/home/airflow/.local/lib/python3.12/site-packages/airflow/template/templater.py", line 91, in resolve_template_files
    setattr(self, field, env.loader.get_source(env, content)[0])  # type: ignore
                         ^^^^^^^^^^^^^^^^^^^^^^^^^^^^^^^^^^^
  File "/home/airflow/.local/lib/python3.12/site-packages/jinja2/loaders.py", line 207, in get_source
    raise TemplateNotFound(template)
jinja2.exceptions.TemplateNotFound: bash /opt/kest/scripts/run_duckdb_gold.sh
[2026-05-24T19:57:15.795+0000] {processor.py:840} INFO - DAG(s) 'kest_example_pipeline' retrieved from /opt/airflow/dags/kest_example_dag.py
[2026-05-24T19:57:15.815+0000] {logging_mixin.py:188} INFO - [2026-05-24T19:57:15.815+0000] {dag.py:3089} INFO - Sync 1 DAGs
[2026-05-24T19:57:15.822+0000] {logging_mixin.py:188} INFO - [2026-05-24T19:57:15.822+0000] {dag.py:3947} INFO - Setting next_dagrun for kest_example_pipeline to None, run_after=None
[2026-05-24T19:57:15.834+0000] {processor.py:183} INFO - Processing /opt/airflow/dags/kest_example_dag.py took 0.053 seconds
[2026-05-24T19:57:45.899+0000] {processor.py:161} INFO - Started process (PID=258) to work on /opt/airflow/dags/kest_example_dag.py
[2026-05-24T19:57:45.899+0000] {processor.py:830} INFO - Processing file /opt/airflow/dags/kest_example_dag.py for tasks to queue
[2026-05-24T19:57:45.900+0000] {logging_mixin.py:188} INFO - [2026-05-24T19:57:45.900+0000] {dagbag.py:545} INFO - Filling up the DagBag from /opt/airflow/dags/kest_example_dag.py
[2026-05-24T19:57:45.906+0000] {logging_mixin.py:188} INFO - [2026-05-24T19:57:45.906+0000] {templater.py:93} ERROR - Failed to resolve template field 'bash_command'
Traceback (most recent call last):
  File "/home/airflow/.local/lib/python3.12/site-packages/airflow/template/templater.py", line 91, in resolve_template_files
    setattr(self, field, env.loader.get_source(env, content)[0])  # type: ignore
                         ^^^^^^^^^^^^^^^^^^^^^^^^^^^^^^^^^^^
  File "/home/airflow/.local/lib/python3.12/site-packages/jinja2/loaders.py", line 207, in get_source
    raise TemplateNotFound(template)
jinja2.exceptions.TemplateNotFound: bash /opt/kest/scripts/run_dlt.sh
[2026-05-24T19:57:45.907+0000] {logging_mixin.py:188} INFO - [2026-05-24T19:57:45.907+0000] {templater.py:93} ERROR - Failed to resolve template field 'bash_command'
Traceback (most recent call last):
  File "/home/airflow/.local/lib/python3.12/site-packages/airflow/template/templater.py", line 91, in resolve_template_files
    setattr(self, field, env.loader.get_source(env, content)[0])  # type: ignore
                         ^^^^^^^^^^^^^^^^^^^^^^^^^^^^^^^^^^^
  File "/home/airflow/.local/lib/python3.12/site-packages/jinja2/loaders.py", line 207, in get_source
    raise TemplateNotFound(template)
jinja2.exceptions.TemplateNotFound: bash /opt/kest/scripts/run_duckdb_silver.sh
[2026-05-24T19:57:45.907+0000] {logging_mixin.py:188} INFO - [2026-05-24T19:57:45.907+0000] {templater.py:93} ERROR - Failed to resolve template field 'bash_command'
Traceback (most recent call last):
  File "/home/airflow/.local/lib/python3.12/site-packages/airflow/template/templater.py", line 91, in resolve_template_files
    setattr(self, field, env.loader.get_source(env, content)[0])  # type: ignore
                         ^^^^^^^^^^^^^^^^^^^^^^^^^^^^^^^^^^^
  File "/home/airflow/.local/lib/python3.12/site-packages/jinja2/loaders.py", line 207, in get_source
    raise TemplateNotFound(template)
jinja2.exceptions.TemplateNotFound: bash /opt/kest/scripts/run_duckdb_gold.sh
[2026-05-24T19:57:45.910+0000] {processor.py:840} INFO - DAG(s) 'kest_example_pipeline' retrieved from /opt/airflow/dags/kest_example_dag.py
[2026-05-24T19:57:45.929+0000] {logging_mixin.py:188} INFO - [2026-05-24T19:57:45.929+0000] {dag.py:3089} INFO - Sync 1 DAGs
[2026-05-24T19:57:45.936+0000] {logging_mixin.py:188} INFO - [2026-05-24T19:57:45.936+0000] {dag.py:3947} INFO - Setting next_dagrun for kest_example_pipeline to None, run_after=None
[2026-05-24T19:57:45.947+0000] {processor.py:183} INFO - Processing /opt/airflow/dags/kest_example_dag.py took 0.051 seconds
[2026-05-24T19:58:15.991+0000] {processor.py:161} INFO - Started process (PID=263) to work on /opt/airflow/dags/kest_example_dag.py
[2026-05-24T19:58:15.992+0000] {processor.py:830} INFO - Processing file /opt/airflow/dags/kest_example_dag.py for tasks to queue
[2026-05-24T19:58:15.993+0000] {logging_mixin.py:188} INFO - [2026-05-24T19:58:15.993+0000] {dagbag.py:545} INFO - Filling up the DagBag from /opt/airflow/dags/kest_example_dag.py
[2026-05-24T19:58:16.000+0000] {logging_mixin.py:188} INFO - [2026-05-24T19:58:15.999+0000] {templater.py:93} ERROR - Failed to resolve template field 'bash_command'
Traceback (most recent call last):
  File "/home/airflow/.local/lib/python3.12/site-packages/airflow/template/templater.py", line 91, in resolve_template_files
    setattr(self, field, env.loader.get_source(env, content)[0])  # type: ignore
                         ^^^^^^^^^^^^^^^^^^^^^^^^^^^^^^^^^^^
  File "/home/airflow/.local/lib/python3.12/site-packages/jinja2/loaders.py", line 207, in get_source
    raise TemplateNotFound(template)
jinja2.exceptions.TemplateNotFound: bash /opt/kest/scripts/run_dlt.sh
[2026-05-24T19:58:16.000+0000] {logging_mixin.py:188} INFO - [2026-05-24T19:58:16.000+0000] {templater.py:93} ERROR - Failed to resolve template field 'bash_command'
Traceback (most recent call last):
  File "/home/airflow/.local/lib/python3.12/site-packages/airflow/template/templater.py", line 91, in resolve_template_files
    setattr(self, field, env.loader.get_source(env, content)[0])  # type: ignore
                         ^^^^^^^^^^^^^^^^^^^^^^^^^^^^^^^^^^^
  File "/home/airflow/.local/lib/python3.12/site-packages/jinja2/loaders.py", line 207, in get_source
    raise TemplateNotFound(template)
jinja2.exceptions.TemplateNotFound: bash /opt/kest/scripts/run_duckdb_silver.sh
[2026-05-24T19:58:16.001+0000] {logging_mixin.py:188} INFO - [2026-05-24T19:58:16.001+0000] {templater.py:93} ERROR - Failed to resolve template field 'bash_command'
Traceback (most recent call last):
  File "/home/airflow/.local/lib/python3.12/site-packages/airflow/template/templater.py", line 91, in resolve_template_files
    setattr(self, field, env.loader.get_source(env, content)[0])  # type: ignore
                         ^^^^^^^^^^^^^^^^^^^^^^^^^^^^^^^^^^^
  File "/home/airflow/.local/lib/python3.12/site-packages/jinja2/loaders.py", line 207, in get_source
    raise TemplateNotFound(template)
jinja2.exceptions.TemplateNotFound: bash /opt/kest/scripts/run_duckdb_gold.sh
[2026-05-24T19:58:16.003+0000] {processor.py:840} INFO - DAG(s) 'kest_example_pipeline' retrieved from /opt/airflow/dags/kest_example_dag.py
[2026-05-24T19:58:16.021+0000] {logging_mixin.py:188} INFO - [2026-05-24T19:58:16.021+0000] {dag.py:3089} INFO - Sync 1 DAGs
[2026-05-24T19:58:16.029+0000] {logging_mixin.py:188} INFO - [2026-05-24T19:58:16.028+0000] {dag.py:3947} INFO - Setting next_dagrun for kest_example_pipeline to None, run_after=None
[2026-05-24T19:58:16.039+0000] {processor.py:183} INFO - Processing /opt/airflow/dags/kest_example_dag.py took 0.050 seconds
[2026-05-24T19:58:46.119+0000] {processor.py:161} INFO - Started process (PID=268) to work on /opt/airflow/dags/kest_example_dag.py
[2026-05-24T19:58:46.120+0000] {processor.py:830} INFO - Processing file /opt/airflow/dags/kest_example_dag.py for tasks to queue
[2026-05-24T19:58:46.121+0000] {logging_mixin.py:188} INFO - [2026-05-24T19:58:46.121+0000] {dagbag.py:545} INFO - Filling up the DagBag from /opt/airflow/dags/kest_example_dag.py
[2026-05-24T19:58:46.127+0000] {logging_mixin.py:188} INFO - [2026-05-24T19:58:46.126+0000] {templater.py:93} ERROR - Failed to resolve template field 'bash_command'
Traceback (most recent call last):
  File "/home/airflow/.local/lib/python3.12/site-packages/airflow/template/templater.py", line 91, in resolve_template_files
    setattr(self, field, env.loader.get_source(env, content)[0])  # type: ignore
                         ^^^^^^^^^^^^^^^^^^^^^^^^^^^^^^^^^^^
  File "/home/airflow/.local/lib/python3.12/site-packages/jinja2/loaders.py", line 207, in get_source
    raise TemplateNotFound(template)
jinja2.exceptions.TemplateNotFound: bash /opt/kest/scripts/run_dlt.sh
[2026-05-24T19:58:46.127+0000] {logging_mixin.py:188} INFO - [2026-05-24T19:58:46.127+0000] {templater.py:93} ERROR - Failed to resolve template field 'bash_command'
Traceback (most recent call last):
  File "/home/airflow/.local/lib/python3.12/site-packages/airflow/template/templater.py", line 91, in resolve_template_files
    setattr(self, field, env.loader.get_source(env, content)[0])  # type: ignore
                         ^^^^^^^^^^^^^^^^^^^^^^^^^^^^^^^^^^^
  File "/home/airflow/.local/lib/python3.12/site-packages/jinja2/loaders.py", line 207, in get_source
    raise TemplateNotFound(template)
jinja2.exceptions.TemplateNotFound: bash /opt/kest/scripts/run_duckdb_silver.sh
[2026-05-24T19:58:46.128+0000] {logging_mixin.py:188} INFO - [2026-05-24T19:58:46.127+0000] {templater.py:93} ERROR - Failed to resolve template field 'bash_command'
Traceback (most recent call last):
  File "/home/airflow/.local/lib/python3.12/site-packages/airflow/template/templater.py", line 91, in resolve_template_files
    setattr(self, field, env.loader.get_source(env, content)[0])  # type: ignore
                         ^^^^^^^^^^^^^^^^^^^^^^^^^^^^^^^^^^^
  File "/home/airflow/.local/lib/python3.12/site-packages/jinja2/loaders.py", line 207, in get_source
    raise TemplateNotFound(template)
jinja2.exceptions.TemplateNotFound: bash /opt/kest/scripts/run_duckdb_gold.sh
[2026-05-24T19:58:46.130+0000] {processor.py:840} INFO - DAG(s) 'kest_example_pipeline' retrieved from /opt/airflow/dags/kest_example_dag.py
[2026-05-24T19:58:46.149+0000] {logging_mixin.py:188} INFO - [2026-05-24T19:58:46.148+0000] {dag.py:3089} INFO - Sync 1 DAGs
[2026-05-24T19:58:46.156+0000] {logging_mixin.py:188} INFO - [2026-05-24T19:58:46.156+0000] {dag.py:3947} INFO - Setting next_dagrun for kest_example_pipeline to None, run_after=None
[2026-05-24T19:58:46.168+0000] {processor.py:183} INFO - Processing /opt/airflow/dags/kest_example_dag.py took 0.053 seconds
[2026-05-24T19:59:16.210+0000] {processor.py:161} INFO - Started process (PID=273) to work on /opt/airflow/dags/kest_example_dag.py
[2026-05-24T19:59:16.211+0000] {processor.py:830} INFO - Processing file /opt/airflow/dags/kest_example_dag.py for tasks to queue
[2026-05-24T19:59:16.212+0000] {logging_mixin.py:188} INFO - [2026-05-24T19:59:16.212+0000] {dagbag.py:545} INFO - Filling up the DagBag from /opt/airflow/dags/kest_example_dag.py
[2026-05-24T19:59:16.219+0000] {logging_mixin.py:188} INFO - [2026-05-24T19:59:16.219+0000] {templater.py:93} ERROR - Failed to resolve template field 'bash_command'
Traceback (most recent call last):
  File "/home/airflow/.local/lib/python3.12/site-packages/airflow/template/templater.py", line 91, in resolve_template_files
    setattr(self, field, env.loader.get_source(env, content)[0])  # type: ignore
                         ^^^^^^^^^^^^^^^^^^^^^^^^^^^^^^^^^^^
  File "/home/airflow/.local/lib/python3.12/site-packages/jinja2/loaders.py", line 207, in get_source
    raise TemplateNotFound(template)
jinja2.exceptions.TemplateNotFound: bash /opt/kest/scripts/run_dlt.sh
[2026-05-24T19:59:16.220+0000] {logging_mixin.py:188} INFO - [2026-05-24T19:59:16.220+0000] {templater.py:93} ERROR - Failed to resolve template field 'bash_command'
Traceback (most recent call last):
  File "/home/airflow/.local/lib/python3.12/site-packages/airflow/template/templater.py", line 91, in resolve_template_files
    setattr(self, field, env.loader.get_source(env, content)[0])  # type: ignore
                         ^^^^^^^^^^^^^^^^^^^^^^^^^^^^^^^^^^^
  File "/home/airflow/.local/lib/python3.12/site-packages/jinja2/loaders.py", line 207, in get_source
    raise TemplateNotFound(template)
jinja2.exceptions.TemplateNotFound: bash /opt/kest/scripts/run_duckdb_silver.sh
[2026-05-24T19:59:16.220+0000] {logging_mixin.py:188} INFO - [2026-05-24T19:59:16.220+0000] {templater.py:93} ERROR - Failed to resolve template field 'bash_command'
Traceback (most recent call last):
  File "/home/airflow/.local/lib/python3.12/site-packages/airflow/template/templater.py", line 91, in resolve_template_files
    setattr(self, field, env.loader.get_source(env, content)[0])  # type: ignore
                         ^^^^^^^^^^^^^^^^^^^^^^^^^^^^^^^^^^^
  File "/home/airflow/.local/lib/python3.12/site-packages/jinja2/loaders.py", line 207, in get_source
    raise TemplateNotFound(template)
jinja2.exceptions.TemplateNotFound: bash /opt/kest/scripts/run_duckdb_gold.sh
[2026-05-24T19:59:16.223+0000] {processor.py:840} INFO - DAG(s) 'kest_example_pipeline' retrieved from /opt/airflow/dags/kest_example_dag.py
[2026-05-24T19:59:16.242+0000] {logging_mixin.py:188} INFO - [2026-05-24T19:59:16.242+0000] {dag.py:3089} INFO - Sync 1 DAGs
[2026-05-24T19:59:16.250+0000] {logging_mixin.py:188} INFO - [2026-05-24T19:59:16.250+0000] {dag.py:3947} INFO - Setting next_dagrun for kest_example_pipeline to None, run_after=None
[2026-05-24T19:59:16.260+0000] {processor.py:183} INFO - Processing /opt/airflow/dags/kest_example_dag.py took 0.055 seconds
[2026-05-24T19:59:46.328+0000] {processor.py:161} INFO - Started process (PID=278) to work on /opt/airflow/dags/kest_example_dag.py
[2026-05-24T19:59:46.329+0000] {processor.py:830} INFO - Processing file /opt/airflow/dags/kest_example_dag.py for tasks to queue
[2026-05-24T19:59:46.330+0000] {logging_mixin.py:188} INFO - [2026-05-24T19:59:46.329+0000] {dagbag.py:545} INFO - Filling up the DagBag from /opt/airflow/dags/kest_example_dag.py
[2026-05-24T19:59:46.335+0000] {logging_mixin.py:188} INFO - [2026-05-24T19:59:46.335+0000] {templater.py:93} ERROR - Failed to resolve template field 'bash_command'
Traceback (most recent call last):
  File "/home/airflow/.local/lib/python3.12/site-packages/airflow/template/templater.py", line 91, in resolve_template_files
    setattr(self, field, env.loader.get_source(env, content)[0])  # type: ignore
                         ^^^^^^^^^^^^^^^^^^^^^^^^^^^^^^^^^^^
  File "/home/airflow/.local/lib/python3.12/site-packages/jinja2/loaders.py", line 207, in get_source
    raise TemplateNotFound(template)
jinja2.exceptions.TemplateNotFound: bash /opt/kest/scripts/run_dlt.sh
[2026-05-24T19:59:46.336+0000] {logging_mixin.py:188} INFO - [2026-05-24T19:59:46.336+0000] {templater.py:93} ERROR - Failed to resolve template field 'bash_command'
Traceback (most recent call last):
  File "/home/airflow/.local/lib/python3.12/site-packages/airflow/template/templater.py", line 91, in resolve_template_files
    setattr(self, field, env.loader.get_source(env, content)[0])  # type: ignore
                         ^^^^^^^^^^^^^^^^^^^^^^^^^^^^^^^^^^^
  File "/home/airflow/.local/lib/python3.12/site-packages/jinja2/loaders.py", line 207, in get_source
    raise TemplateNotFound(template)
jinja2.exceptions.TemplateNotFound: bash /opt/kest/scripts/run_duckdb_silver.sh
[2026-05-24T19:59:46.336+0000] {logging_mixin.py:188} INFO - [2026-05-24T19:59:46.336+0000] {templater.py:93} ERROR - Failed to resolve template field 'bash_command'
Traceback (most recent call last):
  File "/home/airflow/.local/lib/python3.12/site-packages/airflow/template/templater.py", line 91, in resolve_template_files
    setattr(self, field, env.loader.get_source(env, content)[0])  # type: ignore
                         ^^^^^^^^^^^^^^^^^^^^^^^^^^^^^^^^^^^
  File "/home/airflow/.local/lib/python3.12/site-packages/jinja2/loaders.py", line 207, in get_source
    raise TemplateNotFound(template)
jinja2.exceptions.TemplateNotFound: bash /opt/kest/scripts/run_duckdb_gold.sh
[2026-05-24T19:59:46.339+0000] {processor.py:840} INFO - DAG(s) 'kest_example_pipeline' retrieved from /opt/airflow/dags/kest_example_dag.py
[2026-05-24T19:59:46.357+0000] {logging_mixin.py:188} INFO - [2026-05-24T19:59:46.357+0000] {dag.py:3089} INFO - Sync 1 DAGs
[2026-05-24T19:59:46.364+0000] {logging_mixin.py:188} INFO - [2026-05-24T19:59:46.364+0000] {dag.py:3947} INFO - Setting next_dagrun for kest_example_pipeline to None, run_after=None
[2026-05-24T19:59:46.376+0000] {processor.py:183} INFO - Processing /opt/airflow/dags/kest_example_dag.py took 0.051 seconds
[2026-05-24T20:00:16.427+0000] {processor.py:161} INFO - Started process (PID=283) to work on /opt/airflow/dags/kest_example_dag.py
[2026-05-24T20:00:16.428+0000] {processor.py:830} INFO - Processing file /opt/airflow/dags/kest_example_dag.py for tasks to queue
[2026-05-24T20:00:16.429+0000] {logging_mixin.py:188} INFO - [2026-05-24T20:00:16.429+0000] {dagbag.py:545} INFO - Filling up the DagBag from /opt/airflow/dags/kest_example_dag.py
[2026-05-24T20:00:16.435+0000] {logging_mixin.py:188} INFO - [2026-05-24T20:00:16.434+0000] {templater.py:93} ERROR - Failed to resolve template field 'bash_command'
Traceback (most recent call last):
  File "/home/airflow/.local/lib/python3.12/site-packages/airflow/template/templater.py", line 91, in resolve_template_files
    setattr(self, field, env.loader.get_source(env, content)[0])  # type: ignore
                         ^^^^^^^^^^^^^^^^^^^^^^^^^^^^^^^^^^^
  File "/home/airflow/.local/lib/python3.12/site-packages/jinja2/loaders.py", line 207, in get_source
    raise TemplateNotFound(template)
jinja2.exceptions.TemplateNotFound: bash /opt/kest/scripts/run_dlt.sh
[2026-05-24T20:00:16.435+0000] {logging_mixin.py:188} INFO - [2026-05-24T20:00:16.435+0000] {templater.py:93} ERROR - Failed to resolve template field 'bash_command'
Traceback (most recent call last):
  File "/home/airflow/.local/lib/python3.12/site-packages/airflow/template/templater.py", line 91, in resolve_template_files
    setattr(self, field, env.loader.get_source(env, content)[0])  # type: ignore
                         ^^^^^^^^^^^^^^^^^^^^^^^^^^^^^^^^^^^
  File "/home/airflow/.local/lib/python3.12/site-packages/jinja2/loaders.py", line 207, in get_source
    raise TemplateNotFound(template)
jinja2.exceptions.TemplateNotFound: bash /opt/kest/scripts/run_duckdb_silver.sh
[2026-05-24T20:00:16.436+0000] {logging_mixin.py:188} INFO - [2026-05-24T20:00:16.435+0000] {templater.py:93} ERROR - Failed to resolve template field 'bash_command'
Traceback (most recent call last):
  File "/home/airflow/.local/lib/python3.12/site-packages/airflow/template/templater.py", line 91, in resolve_template_files
    setattr(self, field, env.loader.get_source(env, content)[0])  # type: ignore
                         ^^^^^^^^^^^^^^^^^^^^^^^^^^^^^^^^^^^
  File "/home/airflow/.local/lib/python3.12/site-packages/jinja2/loaders.py", line 207, in get_source
    raise TemplateNotFound(template)
jinja2.exceptions.TemplateNotFound: bash /opt/kest/scripts/run_duckdb_gold.sh
[2026-05-24T20:00:16.438+0000] {processor.py:840} INFO - DAG(s) 'kest_example_pipeline' retrieved from /opt/airflow/dags/kest_example_dag.py
[2026-05-24T20:00:16.459+0000] {logging_mixin.py:188} INFO - [2026-05-24T20:00:16.459+0000] {dag.py:3089} INFO - Sync 1 DAGs
[2026-05-24T20:00:16.467+0000] {logging_mixin.py:188} INFO - [2026-05-24T20:00:16.466+0000] {dag.py:3947} INFO - Setting next_dagrun for kest_example_pipeline to None, run_after=None
[2026-05-24T20:00:16.477+0000] {processor.py:183} INFO - Processing /opt/airflow/dags/kest_example_dag.py took 0.053 seconds
[2026-05-24T20:00:46.546+0000] {processor.py:161} INFO - Started process (PID=288) to work on /opt/airflow/dags/kest_example_dag.py
[2026-05-24T20:00:46.546+0000] {processor.py:830} INFO - Processing file /opt/airflow/dags/kest_example_dag.py for tasks to queue
[2026-05-24T20:00:46.547+0000] {logging_mixin.py:188} INFO - [2026-05-24T20:00:46.547+0000] {dagbag.py:545} INFO - Filling up the DagBag from /opt/airflow/dags/kest_example_dag.py
[2026-05-24T20:00:46.553+0000] {logging_mixin.py:188} INFO - [2026-05-24T20:00:46.552+0000] {templater.py:93} ERROR - Failed to resolve template field 'bash_command'
Traceback (most recent call last):
  File "/home/airflow/.local/lib/python3.12/site-packages/airflow/template/templater.py", line 91, in resolve_template_files
    setattr(self, field, env.loader.get_source(env, content)[0])  # type: ignore
                         ^^^^^^^^^^^^^^^^^^^^^^^^^^^^^^^^^^^
  File "/home/airflow/.local/lib/python3.12/site-packages/jinja2/loaders.py", line 207, in get_source
    raise TemplateNotFound(template)
jinja2.exceptions.TemplateNotFound: bash /opt/kest/scripts/run_dlt.sh
[2026-05-24T20:00:46.554+0000] {logging_mixin.py:188} INFO - [2026-05-24T20:00:46.553+0000] {templater.py:93} ERROR - Failed to resolve template field 'bash_command'
Traceback (most recent call last):
  File "/home/airflow/.local/lib/python3.12/site-packages/airflow/template/templater.py", line 91, in resolve_template_files
    setattr(self, field, env.loader.get_source(env, content)[0])  # type: ignore
                         ^^^^^^^^^^^^^^^^^^^^^^^^^^^^^^^^^^^
  File "/home/airflow/.local/lib/python3.12/site-packages/jinja2/loaders.py", line 207, in get_source
    raise TemplateNotFound(template)
jinja2.exceptions.TemplateNotFound: bash /opt/kest/scripts/run_duckdb_silver.sh
[2026-05-24T20:00:46.554+0000] {logging_mixin.py:188} INFO - [2026-05-24T20:00:46.554+0000] {templater.py:93} ERROR - Failed to resolve template field 'bash_command'
Traceback (most recent call last):
  File "/home/airflow/.local/lib/python3.12/site-packages/airflow/template/templater.py", line 91, in resolve_template_files
    setattr(self, field, env.loader.get_source(env, content)[0])  # type: ignore
                         ^^^^^^^^^^^^^^^^^^^^^^^^^^^^^^^^^^^
  File "/home/airflow/.local/lib/python3.12/site-packages/jinja2/loaders.py", line 207, in get_source
    raise TemplateNotFound(template)
jinja2.exceptions.TemplateNotFound: bash /opt/kest/scripts/run_duckdb_gold.sh
[2026-05-24T20:00:46.556+0000] {processor.py:840} INFO - DAG(s) 'kest_example_pipeline' retrieved from /opt/airflow/dags/kest_example_dag.py
[2026-05-24T20:00:46.575+0000] {logging_mixin.py:188} INFO - [2026-05-24T20:00:46.575+0000] {dag.py:3089} INFO - Sync 1 DAGs
[2026-05-24T20:00:46.582+0000] {logging_mixin.py:188} INFO - [2026-05-24T20:00:46.581+0000] {dag.py:3947} INFO - Setting next_dagrun for kest_example_pipeline to None, run_after=None
[2026-05-24T20:00:46.594+0000] {processor.py:183} INFO - Processing /opt/airflow/dags/kest_example_dag.py took 0.051 seconds
[2026-05-24T20:01:16.639+0000] {processor.py:161} INFO - Started process (PID=293) to work on /opt/airflow/dags/kest_example_dag.py
[2026-05-24T20:01:16.640+0000] {processor.py:830} INFO - Processing file /opt/airflow/dags/kest_example_dag.py for tasks to queue
[2026-05-24T20:01:16.641+0000] {logging_mixin.py:188} INFO - [2026-05-24T20:01:16.640+0000] {dagbag.py:545} INFO - Filling up the DagBag from /opt/airflow/dags/kest_example_dag.py
[2026-05-24T20:01:16.646+0000] {logging_mixin.py:188} INFO - [2026-05-24T20:01:16.646+0000] {templater.py:93} ERROR - Failed to resolve template field 'bash_command'
Traceback (most recent call last):
  File "/home/airflow/.local/lib/python3.12/site-packages/airflow/template/templater.py", line 91, in resolve_template_files
    setattr(self, field, env.loader.get_source(env, content)[0])  # type: ignore
                         ^^^^^^^^^^^^^^^^^^^^^^^^^^^^^^^^^^^
  File "/home/airflow/.local/lib/python3.12/site-packages/jinja2/loaders.py", line 207, in get_source
    raise TemplateNotFound(template)
jinja2.exceptions.TemplateNotFound: bash /opt/kest/scripts/run_dlt.sh
[2026-05-24T20:01:16.647+0000] {logging_mixin.py:188} INFO - [2026-05-24T20:01:16.647+0000] {templater.py:93} ERROR - Failed to resolve template field 'bash_command'
Traceback (most recent call last):
  File "/home/airflow/.local/lib/python3.12/site-packages/airflow/template/templater.py", line 91, in resolve_template_files
    setattr(self, field, env.loader.get_source(env, content)[0])  # type: ignore
                         ^^^^^^^^^^^^^^^^^^^^^^^^^^^^^^^^^^^
  File "/home/airflow/.local/lib/python3.12/site-packages/jinja2/loaders.py", line 207, in get_source
    raise TemplateNotFound(template)
jinja2.exceptions.TemplateNotFound: bash /opt/kest/scripts/run_duckdb_silver.sh
[2026-05-24T20:01:16.647+0000] {logging_mixin.py:188} INFO - [2026-05-24T20:01:16.647+0000] {templater.py:93} ERROR - Failed to resolve template field 'bash_command'
Traceback (most recent call last):
  File "/home/airflow/.local/lib/python3.12/site-packages/airflow/template/templater.py", line 91, in resolve_template_files
    setattr(self, field, env.loader.get_source(env, content)[0])  # type: ignore
                         ^^^^^^^^^^^^^^^^^^^^^^^^^^^^^^^^^^^
  File "/home/airflow/.local/lib/python3.12/site-packages/jinja2/loaders.py", line 207, in get_source
    raise TemplateNotFound(template)
jinja2.exceptions.TemplateNotFound: bash /opt/kest/scripts/run_duckdb_gold.sh
[2026-05-24T20:01:16.650+0000] {processor.py:840} INFO - DAG(s) 'kest_example_pipeline' retrieved from /opt/airflow/dags/kest_example_dag.py
[2026-05-24T20:01:16.674+0000] {logging_mixin.py:188} INFO - [2026-05-24T20:01:16.673+0000] {dag.py:3089} INFO - Sync 1 DAGs
[2026-05-24T20:01:16.681+0000] {logging_mixin.py:188} INFO - [2026-05-24T20:01:16.681+0000] {dag.py:3947} INFO - Setting next_dagrun for kest_example_pipeline to None, run_after=None
[2026-05-24T20:01:16.691+0000] {processor.py:183} INFO - Processing /opt/airflow/dags/kest_example_dag.py took 0.055 seconds
[2026-05-24T20:01:46.759+0000] {processor.py:161} INFO - Started process (PID=298) to work on /opt/airflow/dags/kest_example_dag.py
[2026-05-24T20:01:46.760+0000] {processor.py:830} INFO - Processing file /opt/airflow/dags/kest_example_dag.py for tasks to queue
[2026-05-24T20:01:46.761+0000] {logging_mixin.py:188} INFO - [2026-05-24T20:01:46.761+0000] {dagbag.py:545} INFO - Filling up the DagBag from /opt/airflow/dags/kest_example_dag.py
[2026-05-24T20:01:46.767+0000] {logging_mixin.py:188} INFO - [2026-05-24T20:01:46.766+0000] {templater.py:93} ERROR - Failed to resolve template field 'bash_command'
Traceback (most recent call last):
  File "/home/airflow/.local/lib/python3.12/site-packages/airflow/template/templater.py", line 91, in resolve_template_files
    setattr(self, field, env.loader.get_source(env, content)[0])  # type: ignore
                         ^^^^^^^^^^^^^^^^^^^^^^^^^^^^^^^^^^^
  File "/home/airflow/.local/lib/python3.12/site-packages/jinja2/loaders.py", line 207, in get_source
    raise TemplateNotFound(template)
jinja2.exceptions.TemplateNotFound: bash /opt/kest/scripts/run_dlt.sh
[2026-05-24T20:01:46.768+0000] {logging_mixin.py:188} INFO - [2026-05-24T20:01:46.767+0000] {templater.py:93} ERROR - Failed to resolve template field 'bash_command'
Traceback (most recent call last):
  File "/home/airflow/.local/lib/python3.12/site-packages/airflow/template/templater.py", line 91, in resolve_template_files
    setattr(self, field, env.loader.get_source(env, content)[0])  # type: ignore
                         ^^^^^^^^^^^^^^^^^^^^^^^^^^^^^^^^^^^
  File "/home/airflow/.local/lib/python3.12/site-packages/jinja2/loaders.py", line 207, in get_source
    raise TemplateNotFound(template)
jinja2.exceptions.TemplateNotFound: bash /opt/kest/scripts/run_duckdb_silver.sh
[2026-05-24T20:01:46.768+0000] {logging_mixin.py:188} INFO - [2026-05-24T20:01:46.768+0000] {templater.py:93} ERROR - Failed to resolve template field 'bash_command'
Traceback (most recent call last):
  File "/home/airflow/.local/lib/python3.12/site-packages/airflow/template/templater.py", line 91, in resolve_template_files
    setattr(self, field, env.loader.get_source(env, content)[0])  # type: ignore
                         ^^^^^^^^^^^^^^^^^^^^^^^^^^^^^^^^^^^
  File "/home/airflow/.local/lib/python3.12/site-packages/jinja2/loaders.py", line 207, in get_source
    raise TemplateNotFound(template)
jinja2.exceptions.TemplateNotFound: bash /opt/kest/scripts/run_duckdb_gold.sh
[2026-05-24T20:01:46.770+0000] {processor.py:840} INFO - DAG(s) 'kest_example_pipeline' retrieved from /opt/airflow/dags/kest_example_dag.py
[2026-05-24T20:01:46.792+0000] {logging_mixin.py:188} INFO - [2026-05-24T20:01:46.791+0000] {dag.py:3089} INFO - Sync 1 DAGs
[2026-05-24T20:01:46.799+0000] {logging_mixin.py:188} INFO - [2026-05-24T20:01:46.799+0000] {dag.py:3947} INFO - Setting next_dagrun for kest_example_pipeline to None, run_after=None
[2026-05-24T20:01:46.810+0000] {processor.py:183} INFO - Processing /opt/airflow/dags/kest_example_dag.py took 0.055 seconds
[2026-05-24T20:02:16.858+0000] {processor.py:161} INFO - Started process (PID=303) to work on /opt/airflow/dags/kest_example_dag.py
[2026-05-24T20:02:16.859+0000] {processor.py:830} INFO - Processing file /opt/airflow/dags/kest_example_dag.py for tasks to queue
[2026-05-24T20:02:16.860+0000] {logging_mixin.py:188} INFO - [2026-05-24T20:02:16.860+0000] {dagbag.py:545} INFO - Filling up the DagBag from /opt/airflow/dags/kest_example_dag.py
[2026-05-24T20:02:16.866+0000] {logging_mixin.py:188} INFO - [2026-05-24T20:02:16.865+0000] {templater.py:93} ERROR - Failed to resolve template field 'bash_command'
Traceback (most recent call last):
  File "/home/airflow/.local/lib/python3.12/site-packages/airflow/template/templater.py", line 91, in resolve_template_files
    setattr(self, field, env.loader.get_source(env, content)[0])  # type: ignore
                         ^^^^^^^^^^^^^^^^^^^^^^^^^^^^^^^^^^^
  File "/home/airflow/.local/lib/python3.12/site-packages/jinja2/loaders.py", line 207, in get_source
    raise TemplateNotFound(template)
jinja2.exceptions.TemplateNotFound: bash /opt/kest/scripts/run_dlt.sh
[2026-05-24T20:02:16.866+0000] {logging_mixin.py:188} INFO - [2026-05-24T20:02:16.866+0000] {templater.py:93} ERROR - Failed to resolve template field 'bash_command'
Traceback (most recent call last):
  File "/home/airflow/.local/lib/python3.12/site-packages/airflow/template/templater.py", line 91, in resolve_template_files
    setattr(self, field, env.loader.get_source(env, content)[0])  # type: ignore
                         ^^^^^^^^^^^^^^^^^^^^^^^^^^^^^^^^^^^
  File "/home/airflow/.local/lib/python3.12/site-packages/jinja2/loaders.py", line 207, in get_source
    raise TemplateNotFound(template)
jinja2.exceptions.TemplateNotFound: bash /opt/kest/scripts/run_duckdb_silver.sh
[2026-05-24T20:02:16.867+0000] {logging_mixin.py:188} INFO - [2026-05-24T20:02:16.866+0000] {templater.py:93} ERROR - Failed to resolve template field 'bash_command'
Traceback (most recent call last):
  File "/home/airflow/.local/lib/python3.12/site-packages/airflow/template/templater.py", line 91, in resolve_template_files
    setattr(self, field, env.loader.get_source(env, content)[0])  # type: ignore
                         ^^^^^^^^^^^^^^^^^^^^^^^^^^^^^^^^^^^
  File "/home/airflow/.local/lib/python3.12/site-packages/jinja2/loaders.py", line 207, in get_source
    raise TemplateNotFound(template)
jinja2.exceptions.TemplateNotFound: bash /opt/kest/scripts/run_duckdb_gold.sh
[2026-05-24T20:02:16.869+0000] {processor.py:840} INFO - DAG(s) 'kest_example_pipeline' retrieved from /opt/airflow/dags/kest_example_dag.py
[2026-05-24T20:02:16.888+0000] {logging_mixin.py:188} INFO - [2026-05-24T20:02:16.888+0000] {dag.py:3089} INFO - Sync 1 DAGs
[2026-05-24T20:02:16.896+0000] {logging_mixin.py:188} INFO - [2026-05-24T20:02:16.896+0000] {dag.py:3947} INFO - Setting next_dagrun for kest_example_pipeline to None, run_after=None
[2026-05-24T20:02:16.906+0000] {processor.py:183} INFO - Processing /opt/airflow/dags/kest_example_dag.py took 0.051 seconds
[2026-05-24T20:02:46.981+0000] {processor.py:161} INFO - Started process (PID=308) to work on /opt/airflow/dags/kest_example_dag.py
[2026-05-24T20:02:46.982+0000] {processor.py:830} INFO - Processing file /opt/airflow/dags/kest_example_dag.py for tasks to queue
[2026-05-24T20:02:46.983+0000] {logging_mixin.py:188} INFO - [2026-05-24T20:02:46.983+0000] {dagbag.py:545} INFO - Filling up the DagBag from /opt/airflow/dags/kest_example_dag.py
[2026-05-24T20:02:46.989+0000] {logging_mixin.py:188} INFO - [2026-05-24T20:02:46.988+0000] {templater.py:93} ERROR - Failed to resolve template field 'bash_command'
Traceback (most recent call last):
  File "/home/airflow/.local/lib/python3.12/site-packages/airflow/template/templater.py", line 91, in resolve_template_files
    setattr(self, field, env.loader.get_source(env, content)[0])  # type: ignore
                         ^^^^^^^^^^^^^^^^^^^^^^^^^^^^^^^^^^^
  File "/home/airflow/.local/lib/python3.12/site-packages/jinja2/loaders.py", line 207, in get_source
    raise TemplateNotFound(template)
jinja2.exceptions.TemplateNotFound: bash /opt/kest/scripts/run_dlt.sh
[2026-05-24T20:02:46.989+0000] {logging_mixin.py:188} INFO - [2026-05-24T20:02:46.989+0000] {templater.py:93} ERROR - Failed to resolve template field 'bash_command'
Traceback (most recent call last):
  File "/home/airflow/.local/lib/python3.12/site-packages/airflow/template/templater.py", line 91, in resolve_template_files
    setattr(self, field, env.loader.get_source(env, content)[0])  # type: ignore
                         ^^^^^^^^^^^^^^^^^^^^^^^^^^^^^^^^^^^
  File "/home/airflow/.local/lib/python3.12/site-packages/jinja2/loaders.py", line 207, in get_source
    raise TemplateNotFound(template)
jinja2.exceptions.TemplateNotFound: bash /opt/kest/scripts/run_duckdb_silver.sh
[2026-05-24T20:02:46.990+0000] {logging_mixin.py:188} INFO - [2026-05-24T20:02:46.989+0000] {templater.py:93} ERROR - Failed to resolve template field 'bash_command'
Traceback (most recent call last):
  File "/home/airflow/.local/lib/python3.12/site-packages/airflow/template/templater.py", line 91, in resolve_template_files
    setattr(self, field, env.loader.get_source(env, content)[0])  # type: ignore
                         ^^^^^^^^^^^^^^^^^^^^^^^^^^^^^^^^^^^
  File "/home/airflow/.local/lib/python3.12/site-packages/jinja2/loaders.py", line 207, in get_source
    raise TemplateNotFound(template)
jinja2.exceptions.TemplateNotFound: bash /opt/kest/scripts/run_duckdb_gold.sh
[2026-05-24T20:02:46.992+0000] {processor.py:840} INFO - DAG(s) 'kest_example_pipeline' retrieved from /opt/airflow/dags/kest_example_dag.py
[2026-05-24T20:02:47.010+0000] {logging_mixin.py:188} INFO - [2026-05-24T20:02:47.010+0000] {dag.py:3089} INFO - Sync 1 DAGs
[2026-05-24T20:02:47.017+0000] {logging_mixin.py:188} INFO - [2026-05-24T20:02:47.017+0000] {dag.py:3947} INFO - Setting next_dagrun for kest_example_pipeline to None, run_after=None
[2026-05-24T20:02:47.028+0000] {processor.py:183} INFO - Processing /opt/airflow/dags/kest_example_dag.py took 0.051 seconds
[2026-05-24T20:03:17.067+0000] {processor.py:161} INFO - Started process (PID=313) to work on /opt/airflow/dags/kest_example_dag.py
[2026-05-24T20:03:17.068+0000] {processor.py:830} INFO - Processing file /opt/airflow/dags/kest_example_dag.py for tasks to queue
[2026-05-24T20:03:17.069+0000] {logging_mixin.py:188} INFO - [2026-05-24T20:03:17.069+0000] {dagbag.py:545} INFO - Filling up the DagBag from /opt/airflow/dags/kest_example_dag.py
[2026-05-24T20:03:17.075+0000] {logging_mixin.py:188} INFO - [2026-05-24T20:03:17.075+0000] {templater.py:93} ERROR - Failed to resolve template field 'bash_command'
Traceback (most recent call last):
  File "/home/airflow/.local/lib/python3.12/site-packages/airflow/template/templater.py", line 91, in resolve_template_files
    setattr(self, field, env.loader.get_source(env, content)[0])  # type: ignore
                         ^^^^^^^^^^^^^^^^^^^^^^^^^^^^^^^^^^^
  File "/home/airflow/.local/lib/python3.12/site-packages/jinja2/loaders.py", line 207, in get_source
    raise TemplateNotFound(template)
jinja2.exceptions.TemplateNotFound: bash /opt/kest/scripts/run_dlt.sh
[2026-05-24T20:03:17.076+0000] {logging_mixin.py:188} INFO - [2026-05-24T20:03:17.076+0000] {templater.py:93} ERROR - Failed to resolve template field 'bash_command'
Traceback (most recent call last):
  File "/home/airflow/.local/lib/python3.12/site-packages/airflow/template/templater.py", line 91, in resolve_template_files
    setattr(self, field, env.loader.get_source(env, content)[0])  # type: ignore
                         ^^^^^^^^^^^^^^^^^^^^^^^^^^^^^^^^^^^
  File "/home/airflow/.local/lib/python3.12/site-packages/jinja2/loaders.py", line 207, in get_source
    raise TemplateNotFound(template)
jinja2.exceptions.TemplateNotFound: bash /opt/kest/scripts/run_duckdb_silver.sh
[2026-05-24T20:03:17.076+0000] {logging_mixin.py:188} INFO - [2026-05-24T20:03:17.076+0000] {templater.py:93} ERROR - Failed to resolve template field 'bash_command'
Traceback (most recent call last):
  File "/home/airflow/.local/lib/python3.12/site-packages/airflow/template/templater.py", line 91, in resolve_template_files
    setattr(self, field, env.loader.get_source(env, content)[0])  # type: ignore
                         ^^^^^^^^^^^^^^^^^^^^^^^^^^^^^^^^^^^
  File "/home/airflow/.local/lib/python3.12/site-packages/jinja2/loaders.py", line 207, in get_source
    raise TemplateNotFound(template)
jinja2.exceptions.TemplateNotFound: bash /opt/kest/scripts/run_duckdb_gold.sh
[2026-05-24T20:03:17.078+0000] {processor.py:840} INFO - DAG(s) 'kest_example_pipeline' retrieved from /opt/airflow/dags/kest_example_dag.py
[2026-05-24T20:03:17.099+0000] {logging_mixin.py:188} INFO - [2026-05-24T20:03:17.099+0000] {dag.py:3089} INFO - Sync 1 DAGs
[2026-05-24T20:03:17.106+0000] {logging_mixin.py:188} INFO - [2026-05-24T20:03:17.106+0000] {dag.py:3947} INFO - Setting next_dagrun for kest_example_pipeline to None, run_after=None
[2026-05-24T20:03:17.118+0000] {processor.py:183} INFO - Processing /opt/airflow/dags/kest_example_dag.py took 0.054 seconds
[2026-05-24T20:03:47.192+0000] {processor.py:161} INFO - Started process (PID=318) to work on /opt/airflow/dags/kest_example_dag.py
[2026-05-24T20:03:47.193+0000] {processor.py:830} INFO - Processing file /opt/airflow/dags/kest_example_dag.py for tasks to queue
[2026-05-24T20:03:47.194+0000] {logging_mixin.py:188} INFO - [2026-05-24T20:03:47.194+0000] {dagbag.py:545} INFO - Filling up the DagBag from /opt/airflow/dags/kest_example_dag.py
[2026-05-24T20:03:47.200+0000] {logging_mixin.py:188} INFO - [2026-05-24T20:03:47.199+0000] {templater.py:93} ERROR - Failed to resolve template field 'bash_command'
Traceback (most recent call last):
  File "/home/airflow/.local/lib/python3.12/site-packages/airflow/template/templater.py", line 91, in resolve_template_files
    setattr(self, field, env.loader.get_source(env, content)[0])  # type: ignore
                         ^^^^^^^^^^^^^^^^^^^^^^^^^^^^^^^^^^^
  File "/home/airflow/.local/lib/python3.12/site-packages/jinja2/loaders.py", line 207, in get_source
    raise TemplateNotFound(template)
jinja2.exceptions.TemplateNotFound: bash /opt/kest/scripts/run_dlt.sh
[2026-05-24T20:03:47.200+0000] {logging_mixin.py:188} INFO - [2026-05-24T20:03:47.200+0000] {templater.py:93} ERROR - Failed to resolve template field 'bash_command'
Traceback (most recent call last):
  File "/home/airflow/.local/lib/python3.12/site-packages/airflow/template/templater.py", line 91, in resolve_template_files
    setattr(self, field, env.loader.get_source(env, content)[0])  # type: ignore
                         ^^^^^^^^^^^^^^^^^^^^^^^^^^^^^^^^^^^
  File "/home/airflow/.local/lib/python3.12/site-packages/jinja2/loaders.py", line 207, in get_source
    raise TemplateNotFound(template)
jinja2.exceptions.TemplateNotFound: bash /opt/kest/scripts/run_duckdb_silver.sh
[2026-05-24T20:03:47.201+0000] {logging_mixin.py:188} INFO - [2026-05-24T20:03:47.200+0000] {templater.py:93} ERROR - Failed to resolve template field 'bash_command'
Traceback (most recent call last):
  File "/home/airflow/.local/lib/python3.12/site-packages/airflow/template/templater.py", line 91, in resolve_template_files
    setattr(self, field, env.loader.get_source(env, content)[0])  # type: ignore
                         ^^^^^^^^^^^^^^^^^^^^^^^^^^^^^^^^^^^
  File "/home/airflow/.local/lib/python3.12/site-packages/jinja2/loaders.py", line 207, in get_source
    raise TemplateNotFound(template)
jinja2.exceptions.TemplateNotFound: bash /opt/kest/scripts/run_duckdb_gold.sh
[2026-05-24T20:03:47.203+0000] {processor.py:840} INFO - DAG(s) 'kest_example_pipeline' retrieved from /opt/airflow/dags/kest_example_dag.py
[2026-05-24T20:03:47.225+0000] {logging_mixin.py:188} INFO - [2026-05-24T20:03:47.225+0000] {dag.py:3089} INFO - Sync 1 DAGs
[2026-05-24T20:03:47.232+0000] {logging_mixin.py:188} INFO - [2026-05-24T20:03:47.232+0000] {dag.py:3947} INFO - Setting next_dagrun for kest_example_pipeline to None, run_after=None
[2026-05-24T20:03:47.244+0000] {processor.py:183} INFO - Processing /opt/airflow/dags/kest_example_dag.py took 0.055 seconds
[2026-05-24T20:04:17.273+0000] {processor.py:161} INFO - Started process (PID=323) to work on /opt/airflow/dags/kest_example_dag.py
[2026-05-24T20:04:17.273+0000] {processor.py:830} INFO - Processing file /opt/airflow/dags/kest_example_dag.py for tasks to queue
[2026-05-24T20:04:17.274+0000] {logging_mixin.py:188} INFO - [2026-05-24T20:04:17.274+0000] {dagbag.py:545} INFO - Filling up the DagBag from /opt/airflow/dags/kest_example_dag.py
[2026-05-24T20:04:17.280+0000] {logging_mixin.py:188} INFO - [2026-05-24T20:04:17.279+0000] {templater.py:93} ERROR - Failed to resolve template field 'bash_command'
Traceback (most recent call last):
  File "/home/airflow/.local/lib/python3.12/site-packages/airflow/template/templater.py", line 91, in resolve_template_files
    setattr(self, field, env.loader.get_source(env, content)[0])  # type: ignore
                         ^^^^^^^^^^^^^^^^^^^^^^^^^^^^^^^^^^^
  File "/home/airflow/.local/lib/python3.12/site-packages/jinja2/loaders.py", line 207, in get_source
    raise TemplateNotFound(template)
jinja2.exceptions.TemplateNotFound: bash /opt/kest/scripts/run_dlt.sh
[2026-05-24T20:04:17.281+0000] {logging_mixin.py:188} INFO - [2026-05-24T20:04:17.280+0000] {templater.py:93} ERROR - Failed to resolve template field 'bash_command'
Traceback (most recent call last):
  File "/home/airflow/.local/lib/python3.12/site-packages/airflow/template/templater.py", line 91, in resolve_template_files
    setattr(self, field, env.loader.get_source(env, content)[0])  # type: ignore
                         ^^^^^^^^^^^^^^^^^^^^^^^^^^^^^^^^^^^
  File "/home/airflow/.local/lib/python3.12/site-packages/jinja2/loaders.py", line 207, in get_source
    raise TemplateNotFound(template)
jinja2.exceptions.TemplateNotFound: bash /opt/kest/scripts/run_duckdb_silver.sh
[2026-05-24T20:04:17.281+0000] {logging_mixin.py:188} INFO - [2026-05-24T20:04:17.281+0000] {templater.py:93} ERROR - Failed to resolve template field 'bash_command'
Traceback (most recent call last):
  File "/home/airflow/.local/lib/python3.12/site-packages/airflow/template/templater.py", line 91, in resolve_template_files
    setattr(self, field, env.loader.get_source(env, content)[0])  # type: ignore
                         ^^^^^^^^^^^^^^^^^^^^^^^^^^^^^^^^^^^
  File "/home/airflow/.local/lib/python3.12/site-packages/jinja2/loaders.py", line 207, in get_source
    raise TemplateNotFound(template)
jinja2.exceptions.TemplateNotFound: bash /opt/kest/scripts/run_duckdb_gold.sh
[2026-05-24T20:04:17.286+0000] {processor.py:840} INFO - DAG(s) 'kest_example_pipeline' retrieved from /opt/airflow/dags/kest_example_dag.py
[2026-05-24T20:04:17.307+0000] {logging_mixin.py:188} INFO - [2026-05-24T20:04:17.307+0000] {dag.py:3089} INFO - Sync 1 DAGs
[2026-05-24T20:04:17.315+0000] {logging_mixin.py:188} INFO - [2026-05-24T20:04:17.314+0000] {dag.py:3947} INFO - Setting next_dagrun for kest_example_pipeline to None, run_after=None
[2026-05-24T20:04:17.326+0000] {processor.py:183} INFO - Processing /opt/airflow/dags/kest_example_dag.py took 0.056 seconds
[2026-05-24T20:04:47.407+0000] {processor.py:161} INFO - Started process (PID=328) to work on /opt/airflow/dags/kest_example_dag.py
[2026-05-24T20:04:47.408+0000] {processor.py:830} INFO - Processing file /opt/airflow/dags/kest_example_dag.py for tasks to queue
[2026-05-24T20:04:47.409+0000] {logging_mixin.py:188} INFO - [2026-05-24T20:04:47.409+0000] {dagbag.py:545} INFO - Filling up the DagBag from /opt/airflow/dags/kest_example_dag.py
[2026-05-24T20:04:47.416+0000] {logging_mixin.py:188} INFO - [2026-05-24T20:04:47.415+0000] {templater.py:93} ERROR - Failed to resolve template field 'bash_command'
Traceback (most recent call last):
  File "/home/airflow/.local/lib/python3.12/site-packages/airflow/template/templater.py", line 91, in resolve_template_files
    setattr(self, field, env.loader.get_source(env, content)[0])  # type: ignore
                         ^^^^^^^^^^^^^^^^^^^^^^^^^^^^^^^^^^^
  File "/home/airflow/.local/lib/python3.12/site-packages/jinja2/loaders.py", line 207, in get_source
    raise TemplateNotFound(template)
jinja2.exceptions.TemplateNotFound: bash /opt/kest/scripts/run_dlt.sh
[2026-05-24T20:04:47.416+0000] {logging_mixin.py:188} INFO - [2026-05-24T20:04:47.416+0000] {templater.py:93} ERROR - Failed to resolve template field 'bash_command'
Traceback (most recent call last):
  File "/home/airflow/.local/lib/python3.12/site-packages/airflow/template/templater.py", line 91, in resolve_template_files
    setattr(self, field, env.loader.get_source(env, content)[0])  # type: ignore
                         ^^^^^^^^^^^^^^^^^^^^^^^^^^^^^^^^^^^
  File "/home/airflow/.local/lib/python3.12/site-packages/jinja2/loaders.py", line 207, in get_source
    raise TemplateNotFound(template)
jinja2.exceptions.TemplateNotFound: bash /opt/kest/scripts/run_duckdb_silver.sh
[2026-05-24T20:04:47.416+0000] {logging_mixin.py:188} INFO - [2026-05-24T20:04:47.416+0000] {templater.py:93} ERROR - Failed to resolve template field 'bash_command'
Traceback (most recent call last):
  File "/home/airflow/.local/lib/python3.12/site-packages/airflow/template/templater.py", line 91, in resolve_template_files
    setattr(self, field, env.loader.get_source(env, content)[0])  # type: ignore
                         ^^^^^^^^^^^^^^^^^^^^^^^^^^^^^^^^^^^
  File "/home/airflow/.local/lib/python3.12/site-packages/jinja2/loaders.py", line 207, in get_source
    raise TemplateNotFound(template)
jinja2.exceptions.TemplateNotFound: bash /opt/kest/scripts/run_duckdb_gold.sh
[2026-05-24T20:04:47.420+0000] {processor.py:840} INFO - DAG(s) 'kest_example_pipeline' retrieved from /opt/airflow/dags/kest_example_dag.py
[2026-05-24T20:04:47.439+0000] {logging_mixin.py:188} INFO - [2026-05-24T20:04:47.439+0000] {dag.py:3089} INFO - Sync 1 DAGs
[2026-05-24T20:04:47.447+0000] {logging_mixin.py:188} INFO - [2026-05-24T20:04:47.447+0000] {dag.py:3947} INFO - Setting next_dagrun for kest_example_pipeline to None, run_after=None
[2026-05-24T20:04:47.460+0000] {processor.py:183} INFO - Processing /opt/airflow/dags/kest_example_dag.py took 0.057 seconds
[2026-05-24T20:05:17.486+0000] {processor.py:161} INFO - Started process (PID=333) to work on /opt/airflow/dags/kest_example_dag.py
[2026-05-24T20:05:17.486+0000] {processor.py:830} INFO - Processing file /opt/airflow/dags/kest_example_dag.py for tasks to queue
[2026-05-24T20:05:17.487+0000] {logging_mixin.py:188} INFO - [2026-05-24T20:05:17.487+0000] {dagbag.py:545} INFO - Filling up the DagBag from /opt/airflow/dags/kest_example_dag.py
[2026-05-24T20:05:17.493+0000] {logging_mixin.py:188} INFO - [2026-05-24T20:05:17.492+0000] {templater.py:93} ERROR - Failed to resolve template field 'bash_command'
Traceback (most recent call last):
  File "/home/airflow/.local/lib/python3.12/site-packages/airflow/template/templater.py", line 91, in resolve_template_files
    setattr(self, field, env.loader.get_source(env, content)[0])  # type: ignore
                         ^^^^^^^^^^^^^^^^^^^^^^^^^^^^^^^^^^^
  File "/home/airflow/.local/lib/python3.12/site-packages/jinja2/loaders.py", line 207, in get_source
    raise TemplateNotFound(template)
jinja2.exceptions.TemplateNotFound: bash /opt/kest/scripts/run_dlt.sh
[2026-05-24T20:05:17.494+0000] {logging_mixin.py:188} INFO - [2026-05-24T20:05:17.493+0000] {templater.py:93} ERROR - Failed to resolve template field 'bash_command'
Traceback (most recent call last):
  File "/home/airflow/.local/lib/python3.12/site-packages/airflow/template/templater.py", line 91, in resolve_template_files
    setattr(self, field, env.loader.get_source(env, content)[0])  # type: ignore
                         ^^^^^^^^^^^^^^^^^^^^^^^^^^^^^^^^^^^
  File "/home/airflow/.local/lib/python3.12/site-packages/jinja2/loaders.py", line 207, in get_source
    raise TemplateNotFound(template)
jinja2.exceptions.TemplateNotFound: bash /opt/kest/scripts/run_duckdb_silver.sh
[2026-05-24T20:05:17.494+0000] {logging_mixin.py:188} INFO - [2026-05-24T20:05:17.494+0000] {templater.py:93} ERROR - Failed to resolve template field 'bash_command'
Traceback (most recent call last):
  File "/home/airflow/.local/lib/python3.12/site-packages/airflow/template/templater.py", line 91, in resolve_template_files
    setattr(self, field, env.loader.get_source(env, content)[0])  # type: ignore
                         ^^^^^^^^^^^^^^^^^^^^^^^^^^^^^^^^^^^
  File "/home/airflow/.local/lib/python3.12/site-packages/jinja2/loaders.py", line 207, in get_source
    raise TemplateNotFound(template)
jinja2.exceptions.TemplateNotFound: bash /opt/kest/scripts/run_duckdb_gold.sh
[2026-05-24T20:05:17.497+0000] {processor.py:840} INFO - DAG(s) 'kest_example_pipeline' retrieved from /opt/airflow/dags/kest_example_dag.py
[2026-05-24T20:05:17.516+0000] {logging_mixin.py:188} INFO - [2026-05-24T20:05:17.516+0000] {dag.py:3089} INFO - Sync 1 DAGs
[2026-05-24T20:05:17.524+0000] {logging_mixin.py:188} INFO - [2026-05-24T20:05:17.523+0000] {dag.py:3947} INFO - Setting next_dagrun for kest_example_pipeline to None, run_after=None
[2026-05-24T20:05:17.538+0000] {processor.py:183} INFO - Processing /opt/airflow/dags/kest_example_dag.py took 0.055 seconds
[2026-05-24T20:05:47.621+0000] {processor.py:161} INFO - Started process (PID=338) to work on /opt/airflow/dags/kest_example_dag.py
[2026-05-24T20:05:47.622+0000] {processor.py:830} INFO - Processing file /opt/airflow/dags/kest_example_dag.py for tasks to queue
[2026-05-24T20:05:47.623+0000] {logging_mixin.py:188} INFO - [2026-05-24T20:05:47.623+0000] {dagbag.py:545} INFO - Filling up the DagBag from /opt/airflow/dags/kest_example_dag.py
[2026-05-24T20:05:47.628+0000] {logging_mixin.py:188} INFO - [2026-05-24T20:05:47.628+0000] {templater.py:93} ERROR - Failed to resolve template field 'bash_command'
Traceback (most recent call last):
  File "/home/airflow/.local/lib/python3.12/site-packages/airflow/template/templater.py", line 91, in resolve_template_files
    setattr(self, field, env.loader.get_source(env, content)[0])  # type: ignore
                         ^^^^^^^^^^^^^^^^^^^^^^^^^^^^^^^^^^^
  File "/home/airflow/.local/lib/python3.12/site-packages/jinja2/loaders.py", line 207, in get_source
    raise TemplateNotFound(template)
jinja2.exceptions.TemplateNotFound: bash /opt/kest/scripts/run_dlt.sh
[2026-05-24T20:05:47.629+0000] {logging_mixin.py:188} INFO - [2026-05-24T20:05:47.629+0000] {templater.py:93} ERROR - Failed to resolve template field 'bash_command'
Traceback (most recent call last):
  File "/home/airflow/.local/lib/python3.12/site-packages/airflow/template/templater.py", line 91, in resolve_template_files
    setattr(self, field, env.loader.get_source(env, content)[0])  # type: ignore
                         ^^^^^^^^^^^^^^^^^^^^^^^^^^^^^^^^^^^
  File "/home/airflow/.local/lib/python3.12/site-packages/jinja2/loaders.py", line 207, in get_source
    raise TemplateNotFound(template)
jinja2.exceptions.TemplateNotFound: bash /opt/kest/scripts/run_duckdb_silver.sh
[2026-05-24T20:05:47.629+0000] {logging_mixin.py:188} INFO - [2026-05-24T20:05:47.629+0000] {templater.py:93} ERROR - Failed to resolve template field 'bash_command'
Traceback (most recent call last):
  File "/home/airflow/.local/lib/python3.12/site-packages/airflow/template/templater.py", line 91, in resolve_template_files
    setattr(self, field, env.loader.get_source(env, content)[0])  # type: ignore
                         ^^^^^^^^^^^^^^^^^^^^^^^^^^^^^^^^^^^
  File "/home/airflow/.local/lib/python3.12/site-packages/jinja2/loaders.py", line 207, in get_source
    raise TemplateNotFound(template)
jinja2.exceptions.TemplateNotFound: bash /opt/kest/scripts/run_duckdb_gold.sh
[2026-05-24T20:05:47.632+0000] {processor.py:840} INFO - DAG(s) 'kest_example_pipeline' retrieved from /opt/airflow/dags/kest_example_dag.py
[2026-05-24T20:05:47.650+0000] {logging_mixin.py:188} INFO - [2026-05-24T20:05:47.649+0000] {dag.py:3089} INFO - Sync 1 DAGs
[2026-05-24T20:05:47.657+0000] {logging_mixin.py:188} INFO - [2026-05-24T20:05:47.657+0000] {dag.py:3947} INFO - Setting next_dagrun for kest_example_pipeline to None, run_after=None
[2026-05-24T20:05:47.667+0000] {processor.py:183} INFO - Processing /opt/airflow/dags/kest_example_dag.py took 0.049 seconds
[2026-05-24T20:06:17.712+0000] {processor.py:161} INFO - Started process (PID=343) to work on /opt/airflow/dags/kest_example_dag.py
[2026-05-24T20:06:17.713+0000] {processor.py:830} INFO - Processing file /opt/airflow/dags/kest_example_dag.py for tasks to queue
[2026-05-24T20:06:17.714+0000] {logging_mixin.py:188} INFO - [2026-05-24T20:06:17.714+0000] {dagbag.py:545} INFO - Filling up the DagBag from /opt/airflow/dags/kest_example_dag.py
[2026-05-24T20:06:17.720+0000] {logging_mixin.py:188} INFO - [2026-05-24T20:06:17.719+0000] {templater.py:93} ERROR - Failed to resolve template field 'bash_command'
Traceback (most recent call last):
  File "/home/airflow/.local/lib/python3.12/site-packages/airflow/template/templater.py", line 91, in resolve_template_files
    setattr(self, field, env.loader.get_source(env, content)[0])  # type: ignore
                         ^^^^^^^^^^^^^^^^^^^^^^^^^^^^^^^^^^^
  File "/home/airflow/.local/lib/python3.12/site-packages/jinja2/loaders.py", line 207, in get_source
    raise TemplateNotFound(template)
jinja2.exceptions.TemplateNotFound: bash /opt/kest/scripts/run_dlt.sh
[2026-05-24T20:06:17.720+0000] {logging_mixin.py:188} INFO - [2026-05-24T20:06:17.720+0000] {templater.py:93} ERROR - Failed to resolve template field 'bash_command'
Traceback (most recent call last):
  File "/home/airflow/.local/lib/python3.12/site-packages/airflow/template/templater.py", line 91, in resolve_template_files
    setattr(self, field, env.loader.get_source(env, content)[0])  # type: ignore
                         ^^^^^^^^^^^^^^^^^^^^^^^^^^^^^^^^^^^
  File "/home/airflow/.local/lib/python3.12/site-packages/jinja2/loaders.py", line 207, in get_source
    raise TemplateNotFound(template)
jinja2.exceptions.TemplateNotFound: bash /opt/kest/scripts/run_duckdb_silver.sh
[2026-05-24T20:06:17.720+0000] {logging_mixin.py:188} INFO - [2026-05-24T20:06:17.720+0000] {templater.py:93} ERROR - Failed to resolve template field 'bash_command'
Traceback (most recent call last):
  File "/home/airflow/.local/lib/python3.12/site-packages/airflow/template/templater.py", line 91, in resolve_template_files
    setattr(self, field, env.loader.get_source(env, content)[0])  # type: ignore
                         ^^^^^^^^^^^^^^^^^^^^^^^^^^^^^^^^^^^
  File "/home/airflow/.local/lib/python3.12/site-packages/jinja2/loaders.py", line 207, in get_source
    raise TemplateNotFound(template)
jinja2.exceptions.TemplateNotFound: bash /opt/kest/scripts/run_duckdb_gold.sh
[2026-05-24T20:06:17.723+0000] {processor.py:840} INFO - DAG(s) 'kest_example_pipeline' retrieved from /opt/airflow/dags/kest_example_dag.py
[2026-05-24T20:06:17.740+0000] {logging_mixin.py:188} INFO - [2026-05-24T20:06:17.740+0000] {dag.py:3089} INFO - Sync 1 DAGs
[2026-05-24T20:06:17.747+0000] {logging_mixin.py:188} INFO - [2026-05-24T20:06:17.747+0000] {dag.py:3947} INFO - Setting next_dagrun for kest_example_pipeline to None, run_after=None
[2026-05-24T20:06:17.759+0000] {processor.py:183} INFO - Processing /opt/airflow/dags/kest_example_dag.py took 0.050 seconds
[2026-05-24T20:06:47.834+0000] {processor.py:161} INFO - Started process (PID=348) to work on /opt/airflow/dags/kest_example_dag.py
[2026-05-24T20:06:47.834+0000] {processor.py:830} INFO - Processing file /opt/airflow/dags/kest_example_dag.py for tasks to queue
[2026-05-24T20:06:47.836+0000] {logging_mixin.py:188} INFO - [2026-05-24T20:06:47.836+0000] {dagbag.py:545} INFO - Filling up the DagBag from /opt/airflow/dags/kest_example_dag.py
[2026-05-24T20:06:47.841+0000] {logging_mixin.py:188} INFO - [2026-05-24T20:06:47.840+0000] {templater.py:93} ERROR - Failed to resolve template field 'bash_command'
Traceback (most recent call last):
  File "/home/airflow/.local/lib/python3.12/site-packages/airflow/template/templater.py", line 91, in resolve_template_files
    setattr(self, field, env.loader.get_source(env, content)[0])  # type: ignore
                         ^^^^^^^^^^^^^^^^^^^^^^^^^^^^^^^^^^^
  File "/home/airflow/.local/lib/python3.12/site-packages/jinja2/loaders.py", line 207, in get_source
    raise TemplateNotFound(template)
jinja2.exceptions.TemplateNotFound: bash /opt/kest/scripts/run_dlt.sh
[2026-05-24T20:06:47.842+0000] {logging_mixin.py:188} INFO - [2026-05-24T20:06:47.841+0000] {templater.py:93} ERROR - Failed to resolve template field 'bash_command'
Traceback (most recent call last):
  File "/home/airflow/.local/lib/python3.12/site-packages/airflow/template/templater.py", line 91, in resolve_template_files
    setattr(self, field, env.loader.get_source(env, content)[0])  # type: ignore
                         ^^^^^^^^^^^^^^^^^^^^^^^^^^^^^^^^^^^
  File "/home/airflow/.local/lib/python3.12/site-packages/jinja2/loaders.py", line 207, in get_source
    raise TemplateNotFound(template)
jinja2.exceptions.TemplateNotFound: bash /opt/kest/scripts/run_duckdb_silver.sh
[2026-05-24T20:06:47.842+0000] {logging_mixin.py:188} INFO - [2026-05-24T20:06:47.842+0000] {templater.py:93} ERROR - Failed to resolve template field 'bash_command'
Traceback (most recent call last):
  File "/home/airflow/.local/lib/python3.12/site-packages/airflow/template/templater.py", line 91, in resolve_template_files
    setattr(self, field, env.loader.get_source(env, content)[0])  # type: ignore
                         ^^^^^^^^^^^^^^^^^^^^^^^^^^^^^^^^^^^
  File "/home/airflow/.local/lib/python3.12/site-packages/jinja2/loaders.py", line 207, in get_source
    raise TemplateNotFound(template)
jinja2.exceptions.TemplateNotFound: bash /opt/kest/scripts/run_duckdb_gold.sh
[2026-05-24T20:06:47.844+0000] {processor.py:840} INFO - DAG(s) 'kest_example_pipeline' retrieved from /opt/airflow/dags/kest_example_dag.py
[2026-05-24T20:06:47.863+0000] {logging_mixin.py:188} INFO - [2026-05-24T20:06:47.863+0000] {dag.py:3089} INFO - Sync 1 DAGs
[2026-05-24T20:06:47.870+0000] {logging_mixin.py:188} INFO - [2026-05-24T20:06:47.870+0000] {dag.py:3947} INFO - Setting next_dagrun for kest_example_pipeline to None, run_after=None
[2026-05-24T20:06:47.883+0000] {processor.py:183} INFO - Processing /opt/airflow/dags/kest_example_dag.py took 0.053 seconds
[2026-05-24T20:07:17.920+0000] {processor.py:161} INFO - Started process (PID=353) to work on /opt/airflow/dags/kest_example_dag.py
[2026-05-24T20:07:17.921+0000] {processor.py:830} INFO - Processing file /opt/airflow/dags/kest_example_dag.py for tasks to queue
[2026-05-24T20:07:17.922+0000] {logging_mixin.py:188} INFO - [2026-05-24T20:07:17.922+0000] {dagbag.py:545} INFO - Filling up the DagBag from /opt/airflow/dags/kest_example_dag.py
[2026-05-24T20:07:17.928+0000] {logging_mixin.py:188} INFO - [2026-05-24T20:07:17.927+0000] {templater.py:93} ERROR - Failed to resolve template field 'bash_command'
Traceback (most recent call last):
  File "/home/airflow/.local/lib/python3.12/site-packages/airflow/template/templater.py", line 91, in resolve_template_files
    setattr(self, field, env.loader.get_source(env, content)[0])  # type: ignore
                         ^^^^^^^^^^^^^^^^^^^^^^^^^^^^^^^^^^^
  File "/home/airflow/.local/lib/python3.12/site-packages/jinja2/loaders.py", line 207, in get_source
    raise TemplateNotFound(template)
jinja2.exceptions.TemplateNotFound: bash /opt/kest/scripts/run_dlt.sh
[2026-05-24T20:07:17.928+0000] {logging_mixin.py:188} INFO - [2026-05-24T20:07:17.928+0000] {templater.py:93} ERROR - Failed to resolve template field 'bash_command'
Traceback (most recent call last):
  File "/home/airflow/.local/lib/python3.12/site-packages/airflow/template/templater.py", line 91, in resolve_template_files
    setattr(self, field, env.loader.get_source(env, content)[0])  # type: ignore
                         ^^^^^^^^^^^^^^^^^^^^^^^^^^^^^^^^^^^
  File "/home/airflow/.local/lib/python3.12/site-packages/jinja2/loaders.py", line 207, in get_source
    raise TemplateNotFound(template)
jinja2.exceptions.TemplateNotFound: bash /opt/kest/scripts/run_duckdb_silver.sh
[2026-05-24T20:07:17.928+0000] {logging_mixin.py:188} INFO - [2026-05-24T20:07:17.928+0000] {templater.py:93} ERROR - Failed to resolve template field 'bash_command'
Traceback (most recent call last):
  File "/home/airflow/.local/lib/python3.12/site-packages/airflow/template/templater.py", line 91, in resolve_template_files
    setattr(self, field, env.loader.get_source(env, content)[0])  # type: ignore
                         ^^^^^^^^^^^^^^^^^^^^^^^^^^^^^^^^^^^
  File "/home/airflow/.local/lib/python3.12/site-packages/jinja2/loaders.py", line 207, in get_source
    raise TemplateNotFound(template)
jinja2.exceptions.TemplateNotFound: bash /opt/kest/scripts/run_duckdb_gold.sh
[2026-05-24T20:07:17.931+0000] {processor.py:840} INFO - DAG(s) 'kest_example_pipeline' retrieved from /opt/airflow/dags/kest_example_dag.py
[2026-05-24T20:07:17.949+0000] {logging_mixin.py:188} INFO - [2026-05-24T20:07:17.949+0000] {dag.py:3089} INFO - Sync 1 DAGs
[2026-05-24T20:07:17.956+0000] {logging_mixin.py:188} INFO - [2026-05-24T20:07:17.956+0000] {dag.py:3947} INFO - Setting next_dagrun for kest_example_pipeline to None, run_after=None
[2026-05-24T20:07:17.967+0000] {processor.py:183} INFO - Processing /opt/airflow/dags/kest_example_dag.py took 0.052 seconds
[2026-05-24T20:07:48.038+0000] {processor.py:161} INFO - Started process (PID=358) to work on /opt/airflow/dags/kest_example_dag.py
[2026-05-24T20:07:48.039+0000] {processor.py:830} INFO - Processing file /opt/airflow/dags/kest_example_dag.py for tasks to queue
[2026-05-24T20:07:48.040+0000] {logging_mixin.py:188} INFO - [2026-05-24T20:07:48.040+0000] {dagbag.py:545} INFO - Filling up the DagBag from /opt/airflow/dags/kest_example_dag.py
[2026-05-24T20:07:48.045+0000] {logging_mixin.py:188} INFO - [2026-05-24T20:07:48.045+0000] {templater.py:93} ERROR - Failed to resolve template field 'bash_command'
Traceback (most recent call last):
  File "/home/airflow/.local/lib/python3.12/site-packages/airflow/template/templater.py", line 91, in resolve_template_files
    setattr(self, field, env.loader.get_source(env, content)[0])  # type: ignore
                         ^^^^^^^^^^^^^^^^^^^^^^^^^^^^^^^^^^^
  File "/home/airflow/.local/lib/python3.12/site-packages/jinja2/loaders.py", line 207, in get_source
    raise TemplateNotFound(template)
jinja2.exceptions.TemplateNotFound: bash /opt/kest/scripts/run_dlt.sh
[2026-05-24T20:07:48.046+0000] {logging_mixin.py:188} INFO - [2026-05-24T20:07:48.046+0000] {templater.py:93} ERROR - Failed to resolve template field 'bash_command'
Traceback (most recent call last):
  File "/home/airflow/.local/lib/python3.12/site-packages/airflow/template/templater.py", line 91, in resolve_template_files
    setattr(self, field, env.loader.get_source(env, content)[0])  # type: ignore
                         ^^^^^^^^^^^^^^^^^^^^^^^^^^^^^^^^^^^
  File "/home/airflow/.local/lib/python3.12/site-packages/jinja2/loaders.py", line 207, in get_source
    raise TemplateNotFound(template)
jinja2.exceptions.TemplateNotFound: bash /opt/kest/scripts/run_duckdb_silver.sh
[2026-05-24T20:07:48.046+0000] {logging_mixin.py:188} INFO - [2026-05-24T20:07:48.046+0000] {templater.py:93} ERROR - Failed to resolve template field 'bash_command'
Traceback (most recent call last):
  File "/home/airflow/.local/lib/python3.12/site-packages/airflow/template/templater.py", line 91, in resolve_template_files
    setattr(self, field, env.loader.get_source(env, content)[0])  # type: ignore
                         ^^^^^^^^^^^^^^^^^^^^^^^^^^^^^^^^^^^
  File "/home/airflow/.local/lib/python3.12/site-packages/jinja2/loaders.py", line 207, in get_source
    raise TemplateNotFound(template)
jinja2.exceptions.TemplateNotFound: bash /opt/kest/scripts/run_duckdb_gold.sh
[2026-05-24T20:07:48.049+0000] {processor.py:840} INFO - DAG(s) 'kest_example_pipeline' retrieved from /opt/airflow/dags/kest_example_dag.py
[2026-05-24T20:07:48.069+0000] {logging_mixin.py:188} INFO - [2026-05-24T20:07:48.069+0000] {dag.py:3089} INFO - Sync 1 DAGs
[2026-05-24T20:07:48.076+0000] {logging_mixin.py:188} INFO - [2026-05-24T20:07:48.076+0000] {dag.py:3947} INFO - Setting next_dagrun for kest_example_pipeline to None, run_after=None
[2026-05-24T20:07:48.087+0000] {processor.py:183} INFO - Processing /opt/airflow/dags/kest_example_dag.py took 0.051 seconds
[2026-05-24T20:08:18.129+0000] {processor.py:161} INFO - Started process (PID=363) to work on /opt/airflow/dags/kest_example_dag.py
[2026-05-24T20:08:18.129+0000] {processor.py:830} INFO - Processing file /opt/airflow/dags/kest_example_dag.py for tasks to queue
[2026-05-24T20:08:18.131+0000] {logging_mixin.py:188} INFO - [2026-05-24T20:08:18.131+0000] {dagbag.py:545} INFO - Filling up the DagBag from /opt/airflow/dags/kest_example_dag.py
[2026-05-24T20:08:18.137+0000] {logging_mixin.py:188} INFO - [2026-05-24T20:08:18.137+0000] {templater.py:93} ERROR - Failed to resolve template field 'bash_command'
Traceback (most recent call last):
  File "/home/airflow/.local/lib/python3.12/site-packages/airflow/template/templater.py", line 91, in resolve_template_files
    setattr(self, field, env.loader.get_source(env, content)[0])  # type: ignore
                         ^^^^^^^^^^^^^^^^^^^^^^^^^^^^^^^^^^^
  File "/home/airflow/.local/lib/python3.12/site-packages/jinja2/loaders.py", line 207, in get_source
    raise TemplateNotFound(template)
jinja2.exceptions.TemplateNotFound: bash /opt/kest/scripts/run_dlt.sh
[2026-05-24T20:08:18.138+0000] {logging_mixin.py:188} INFO - [2026-05-24T20:08:18.137+0000] {templater.py:93} ERROR - Failed to resolve template field 'bash_command'
Traceback (most recent call last):
  File "/home/airflow/.local/lib/python3.12/site-packages/airflow/template/templater.py", line 91, in resolve_template_files
    setattr(self, field, env.loader.get_source(env, content)[0])  # type: ignore
                         ^^^^^^^^^^^^^^^^^^^^^^^^^^^^^^^^^^^
  File "/home/airflow/.local/lib/python3.12/site-packages/jinja2/loaders.py", line 207, in get_source
    raise TemplateNotFound(template)
jinja2.exceptions.TemplateNotFound: bash /opt/kest/scripts/run_duckdb_silver.sh
[2026-05-24T20:08:18.138+0000] {logging_mixin.py:188} INFO - [2026-05-24T20:08:18.138+0000] {templater.py:93} ERROR - Failed to resolve template field 'bash_command'
Traceback (most recent call last):
  File "/home/airflow/.local/lib/python3.12/site-packages/airflow/template/templater.py", line 91, in resolve_template_files
    setattr(self, field, env.loader.get_source(env, content)[0])  # type: ignore
                         ^^^^^^^^^^^^^^^^^^^^^^^^^^^^^^^^^^^
  File "/home/airflow/.local/lib/python3.12/site-packages/jinja2/loaders.py", line 207, in get_source
    raise TemplateNotFound(template)
jinja2.exceptions.TemplateNotFound: bash /opt/kest/scripts/run_duckdb_gold.sh
[2026-05-24T20:08:18.141+0000] {processor.py:840} INFO - DAG(s) 'kest_example_pipeline' retrieved from /opt/airflow/dags/kest_example_dag.py
[2026-05-24T20:08:18.161+0000] {logging_mixin.py:188} INFO - [2026-05-24T20:08:18.160+0000] {dag.py:3089} INFO - Sync 1 DAGs
[2026-05-24T20:08:18.168+0000] {logging_mixin.py:188} INFO - [2026-05-24T20:08:18.168+0000] {dag.py:3947} INFO - Setting next_dagrun for kest_example_pipeline to None, run_after=None
[2026-05-24T20:08:18.178+0000] {processor.py:183} INFO - Processing /opt/airflow/dags/kest_example_dag.py took 0.053 seconds
[2026-05-24T20:08:48.253+0000] {processor.py:161} INFO - Started process (PID=368) to work on /opt/airflow/dags/kest_example_dag.py
[2026-05-24T20:08:48.254+0000] {processor.py:830} INFO - Processing file /opt/airflow/dags/kest_example_dag.py for tasks to queue
[2026-05-24T20:08:48.255+0000] {logging_mixin.py:188} INFO - [2026-05-24T20:08:48.254+0000] {dagbag.py:545} INFO - Filling up the DagBag from /opt/airflow/dags/kest_example_dag.py
[2026-05-24T20:08:48.261+0000] {logging_mixin.py:188} INFO - [2026-05-24T20:08:48.260+0000] {templater.py:93} ERROR - Failed to resolve template field 'bash_command'
Traceback (most recent call last):
  File "/home/airflow/.local/lib/python3.12/site-packages/airflow/template/templater.py", line 91, in resolve_template_files
    setattr(self, field, env.loader.get_source(env, content)[0])  # type: ignore
                         ^^^^^^^^^^^^^^^^^^^^^^^^^^^^^^^^^^^
  File "/home/airflow/.local/lib/python3.12/site-packages/jinja2/loaders.py", line 207, in get_source
    raise TemplateNotFound(template)
jinja2.exceptions.TemplateNotFound: bash /opt/kest/scripts/run_dlt.sh
[2026-05-24T20:08:48.261+0000] {logging_mixin.py:188} INFO - [2026-05-24T20:08:48.261+0000] {templater.py:93} ERROR - Failed to resolve template field 'bash_command'
Traceback (most recent call last):
  File "/home/airflow/.local/lib/python3.12/site-packages/airflow/template/templater.py", line 91, in resolve_template_files
    setattr(self, field, env.loader.get_source(env, content)[0])  # type: ignore
                         ^^^^^^^^^^^^^^^^^^^^^^^^^^^^^^^^^^^
  File "/home/airflow/.local/lib/python3.12/site-packages/jinja2/loaders.py", line 207, in get_source
    raise TemplateNotFound(template)
jinja2.exceptions.TemplateNotFound: bash /opt/kest/scripts/run_duckdb_silver.sh
[2026-05-24T20:08:48.261+0000] {logging_mixin.py:188} INFO - [2026-05-24T20:08:48.261+0000] {templater.py:93} ERROR - Failed to resolve template field 'bash_command'
Traceback (most recent call last):
  File "/home/airflow/.local/lib/python3.12/site-packages/airflow/template/templater.py", line 91, in resolve_template_files
    setattr(self, field, env.loader.get_source(env, content)[0])  # type: ignore
                         ^^^^^^^^^^^^^^^^^^^^^^^^^^^^^^^^^^^
  File "/home/airflow/.local/lib/python3.12/site-packages/jinja2/loaders.py", line 207, in get_source
    raise TemplateNotFound(template)
jinja2.exceptions.TemplateNotFound: bash /opt/kest/scripts/run_duckdb_gold.sh
[2026-05-24T20:08:48.263+0000] {processor.py:840} INFO - DAG(s) 'kest_example_pipeline' retrieved from /opt/airflow/dags/kest_example_dag.py
[2026-05-24T20:08:48.287+0000] {logging_mixin.py:188} INFO - [2026-05-24T20:08:48.287+0000] {dag.py:3089} INFO - Sync 1 DAGs
[2026-05-24T20:08:48.294+0000] {logging_mixin.py:188} INFO - [2026-05-24T20:08:48.294+0000] {dag.py:3947} INFO - Setting next_dagrun for kest_example_pipeline to None, run_after=None
[2026-05-24T20:08:48.305+0000] {processor.py:183} INFO - Processing /opt/airflow/dags/kest_example_dag.py took 0.056 seconds
[2026-05-24T20:09:18.345+0000] {processor.py:161} INFO - Started process (PID=373) to work on /opt/airflow/dags/kest_example_dag.py
[2026-05-24T20:09:18.345+0000] {processor.py:830} INFO - Processing file /opt/airflow/dags/kest_example_dag.py for tasks to queue
[2026-05-24T20:09:18.347+0000] {logging_mixin.py:188} INFO - [2026-05-24T20:09:18.346+0000] {dagbag.py:545} INFO - Filling up the DagBag from /opt/airflow/dags/kest_example_dag.py
[2026-05-24T20:09:18.355+0000] {logging_mixin.py:188} INFO - [2026-05-24T20:09:18.353+0000] {templater.py:93} ERROR - Failed to resolve template field 'bash_command'
Traceback (most recent call last):
  File "/home/airflow/.local/lib/python3.12/site-packages/airflow/template/templater.py", line 91, in resolve_template_files
    setattr(self, field, env.loader.get_source(env, content)[0])  # type: ignore
                         ^^^^^^^^^^^^^^^^^^^^^^^^^^^^^^^^^^^
  File "/home/airflow/.local/lib/python3.12/site-packages/jinja2/loaders.py", line 207, in get_source
    raise TemplateNotFound(template)
jinja2.exceptions.TemplateNotFound: bash /opt/kest/scripts/run_dlt.sh
[2026-05-24T20:09:18.355+0000] {logging_mixin.py:188} INFO - [2026-05-24T20:09:18.355+0000] {templater.py:93} ERROR - Failed to resolve template field 'bash_command'
Traceback (most recent call last):
  File "/home/airflow/.local/lib/python3.12/site-packages/airflow/template/templater.py", line 91, in resolve_template_files
    setattr(self, field, env.loader.get_source(env, content)[0])  # type: ignore
                         ^^^^^^^^^^^^^^^^^^^^^^^^^^^^^^^^^^^
  File "/home/airflow/.local/lib/python3.12/site-packages/jinja2/loaders.py", line 207, in get_source
    raise TemplateNotFound(template)
jinja2.exceptions.TemplateNotFound: bash /opt/kest/scripts/run_duckdb_silver.sh
[2026-05-24T20:09:18.356+0000] {logging_mixin.py:188} INFO - [2026-05-24T20:09:18.355+0000] {templater.py:93} ERROR - Failed to resolve template field 'bash_command'
Traceback (most recent call last):
  File "/home/airflow/.local/lib/python3.12/site-packages/airflow/template/templater.py", line 91, in resolve_template_files
    setattr(self, field, env.loader.get_source(env, content)[0])  # type: ignore
                         ^^^^^^^^^^^^^^^^^^^^^^^^^^^^^^^^^^^
  File "/home/airflow/.local/lib/python3.12/site-packages/jinja2/loaders.py", line 207, in get_source
    raise TemplateNotFound(template)
jinja2.exceptions.TemplateNotFound: bash /opt/kest/scripts/run_duckdb_gold.sh
[2026-05-24T20:09:18.359+0000] {processor.py:840} INFO - DAG(s) 'kest_example_pipeline' retrieved from /opt/airflow/dags/kest_example_dag.py
[2026-05-24T20:09:18.379+0000] {logging_mixin.py:188} INFO - [2026-05-24T20:09:18.379+0000] {dag.py:3089} INFO - Sync 1 DAGs
[2026-05-24T20:09:18.386+0000] {logging_mixin.py:188} INFO - [2026-05-24T20:09:18.386+0000] {dag.py:3947} INFO - Setting next_dagrun for kest_example_pipeline to None, run_after=None
[2026-05-24T20:09:18.400+0000] {processor.py:183} INFO - Processing /opt/airflow/dags/kest_example_dag.py took 0.059 seconds
[2026-05-24T20:09:48.465+0000] {processor.py:161} INFO - Started process (PID=378) to work on /opt/airflow/dags/kest_example_dag.py
[2026-05-24T20:09:48.466+0000] {processor.py:830} INFO - Processing file /opt/airflow/dags/kest_example_dag.py for tasks to queue
[2026-05-24T20:09:48.467+0000] {logging_mixin.py:188} INFO - [2026-05-24T20:09:48.467+0000] {dagbag.py:545} INFO - Filling up the DagBag from /opt/airflow/dags/kest_example_dag.py
[2026-05-24T20:09:48.475+0000] {logging_mixin.py:188} INFO - [2026-05-24T20:09:48.474+0000] {templater.py:93} ERROR - Failed to resolve template field 'bash_command'
Traceback (most recent call last):
  File "/home/airflow/.local/lib/python3.12/site-packages/airflow/template/templater.py", line 91, in resolve_template_files
    setattr(self, field, env.loader.get_source(env, content)[0])  # type: ignore
                         ^^^^^^^^^^^^^^^^^^^^^^^^^^^^^^^^^^^
  File "/home/airflow/.local/lib/python3.12/site-packages/jinja2/loaders.py", line 207, in get_source
    raise TemplateNotFound(template)
jinja2.exceptions.TemplateNotFound: bash /opt/kest/scripts/run_dlt.sh
[2026-05-24T20:09:48.476+0000] {logging_mixin.py:188} INFO - [2026-05-24T20:09:48.475+0000] {templater.py:93} ERROR - Failed to resolve template field 'bash_command'
Traceback (most recent call last):
  File "/home/airflow/.local/lib/python3.12/site-packages/airflow/template/templater.py", line 91, in resolve_template_files
    setattr(self, field, env.loader.get_source(env, content)[0])  # type: ignore
                         ^^^^^^^^^^^^^^^^^^^^^^^^^^^^^^^^^^^
  File "/home/airflow/.local/lib/python3.12/site-packages/jinja2/loaders.py", line 207, in get_source
    raise TemplateNotFound(template)
jinja2.exceptions.TemplateNotFound: bash /opt/kest/scripts/run_duckdb_silver.sh
[2026-05-24T20:09:48.476+0000] {logging_mixin.py:188} INFO - [2026-05-24T20:09:48.476+0000] {templater.py:93} ERROR - Failed to resolve template field 'bash_command'
Traceback (most recent call last):
  File "/home/airflow/.local/lib/python3.12/site-packages/airflow/template/templater.py", line 91, in resolve_template_files
    setattr(self, field, env.loader.get_source(env, content)[0])  # type: ignore
                         ^^^^^^^^^^^^^^^^^^^^^^^^^^^^^^^^^^^
  File "/home/airflow/.local/lib/python3.12/site-packages/jinja2/loaders.py", line 207, in get_source
    raise TemplateNotFound(template)
jinja2.exceptions.TemplateNotFound: bash /opt/kest/scripts/run_duckdb_gold.sh
[2026-05-24T20:09:48.479+0000] {processor.py:840} INFO - DAG(s) 'kest_example_pipeline' retrieved from /opt/airflow/dags/kest_example_dag.py
[2026-05-24T20:09:48.501+0000] {logging_mixin.py:188} INFO - [2026-05-24T20:09:48.500+0000] {dag.py:3089} INFO - Sync 1 DAGs
[2026-05-24T20:09:48.508+0000] {logging_mixin.py:188} INFO - [2026-05-24T20:09:48.508+0000] {dag.py:3947} INFO - Setting next_dagrun for kest_example_pipeline to None, run_after=None
[2026-05-24T20:09:48.522+0000] {processor.py:183} INFO - Processing /opt/airflow/dags/kest_example_dag.py took 0.061 seconds
[2026-05-24T20:10:18.570+0000] {processor.py:161} INFO - Started process (PID=383) to work on /opt/airflow/dags/kest_example_dag.py
[2026-05-24T20:10:18.570+0000] {processor.py:830} INFO - Processing file /opt/airflow/dags/kest_example_dag.py for tasks to queue
[2026-05-24T20:10:18.571+0000] {logging_mixin.py:188} INFO - [2026-05-24T20:10:18.571+0000] {dagbag.py:545} INFO - Filling up the DagBag from /opt/airflow/dags/kest_example_dag.py
[2026-05-24T20:10:18.577+0000] {logging_mixin.py:188} INFO - [2026-05-24T20:10:18.576+0000] {templater.py:93} ERROR - Failed to resolve template field 'bash_command'
Traceback (most recent call last):
  File "/home/airflow/.local/lib/python3.12/site-packages/airflow/template/templater.py", line 91, in resolve_template_files
    setattr(self, field, env.loader.get_source(env, content)[0])  # type: ignore
                         ^^^^^^^^^^^^^^^^^^^^^^^^^^^^^^^^^^^
  File "/home/airflow/.local/lib/python3.12/site-packages/jinja2/loaders.py", line 207, in get_source
    raise TemplateNotFound(template)
jinja2.exceptions.TemplateNotFound: bash /opt/kest/scripts/run_dlt.sh
[2026-05-24T20:10:18.577+0000] {logging_mixin.py:188} INFO - [2026-05-24T20:10:18.577+0000] {templater.py:93} ERROR - Failed to resolve template field 'bash_command'
Traceback (most recent call last):
  File "/home/airflow/.local/lib/python3.12/site-packages/airflow/template/templater.py", line 91, in resolve_template_files
    setattr(self, field, env.loader.get_source(env, content)[0])  # type: ignore
                         ^^^^^^^^^^^^^^^^^^^^^^^^^^^^^^^^^^^
  File "/home/airflow/.local/lib/python3.12/site-packages/jinja2/loaders.py", line 207, in get_source
    raise TemplateNotFound(template)
jinja2.exceptions.TemplateNotFound: bash /opt/kest/scripts/run_duckdb_silver.sh
[2026-05-24T20:10:18.578+0000] {logging_mixin.py:188} INFO - [2026-05-24T20:10:18.578+0000] {templater.py:93} ERROR - Failed to resolve template field 'bash_command'
Traceback (most recent call last):
  File "/home/airflow/.local/lib/python3.12/site-packages/airflow/template/templater.py", line 91, in resolve_template_files
    setattr(self, field, env.loader.get_source(env, content)[0])  # type: ignore
                         ^^^^^^^^^^^^^^^^^^^^^^^^^^^^^^^^^^^
  File "/home/airflow/.local/lib/python3.12/site-packages/jinja2/loaders.py", line 207, in get_source
    raise TemplateNotFound(template)
jinja2.exceptions.TemplateNotFound: bash /opt/kest/scripts/run_duckdb_gold.sh
[2026-05-24T20:10:18.580+0000] {processor.py:840} INFO - DAG(s) 'kest_example_pipeline' retrieved from /opt/airflow/dags/kest_example_dag.py
[2026-05-24T20:10:18.604+0000] {logging_mixin.py:188} INFO - [2026-05-24T20:10:18.604+0000] {dag.py:3089} INFO - Sync 1 DAGs
[2026-05-24T20:10:18.611+0000] {logging_mixin.py:188} INFO - [2026-05-24T20:10:18.610+0000] {dag.py:3947} INFO - Setting next_dagrun for kest_example_pipeline to None, run_after=None
[2026-05-24T20:10:18.621+0000] {processor.py:183} INFO - Processing /opt/airflow/dags/kest_example_dag.py took 0.055 seconds
[2026-05-24T20:10:48.696+0000] {processor.py:161} INFO - Started process (PID=388) to work on /opt/airflow/dags/kest_example_dag.py
[2026-05-24T20:10:48.696+0000] {processor.py:830} INFO - Processing file /opt/airflow/dags/kest_example_dag.py for tasks to queue
[2026-05-24T20:10:48.697+0000] {logging_mixin.py:188} INFO - [2026-05-24T20:10:48.697+0000] {dagbag.py:545} INFO - Filling up the DagBag from /opt/airflow/dags/kest_example_dag.py
[2026-05-24T20:10:48.704+0000] {logging_mixin.py:188} INFO - [2026-05-24T20:10:48.703+0000] {templater.py:93} ERROR - Failed to resolve template field 'bash_command'
Traceback (most recent call last):
  File "/home/airflow/.local/lib/python3.12/site-packages/airflow/template/templater.py", line 91, in resolve_template_files
    setattr(self, field, env.loader.get_source(env, content)[0])  # type: ignore
                         ^^^^^^^^^^^^^^^^^^^^^^^^^^^^^^^^^^^
  File "/home/airflow/.local/lib/python3.12/site-packages/jinja2/loaders.py", line 207, in get_source
    raise TemplateNotFound(template)
jinja2.exceptions.TemplateNotFound: bash /opt/kest/scripts/run_dlt.sh
[2026-05-24T20:10:48.704+0000] {logging_mixin.py:188} INFO - [2026-05-24T20:10:48.704+0000] {templater.py:93} ERROR - Failed to resolve template field 'bash_command'
Traceback (most recent call last):
  File "/home/airflow/.local/lib/python3.12/site-packages/airflow/template/templater.py", line 91, in resolve_template_files
    setattr(self, field, env.loader.get_source(env, content)[0])  # type: ignore
                         ^^^^^^^^^^^^^^^^^^^^^^^^^^^^^^^^^^^
  File "/home/airflow/.local/lib/python3.12/site-packages/jinja2/loaders.py", line 207, in get_source
    raise TemplateNotFound(template)
jinja2.exceptions.TemplateNotFound: bash /opt/kest/scripts/run_duckdb_silver.sh
[2026-05-24T20:10:48.705+0000] {logging_mixin.py:188} INFO - [2026-05-24T20:10:48.704+0000] {templater.py:93} ERROR - Failed to resolve template field 'bash_command'
Traceback (most recent call last):
  File "/home/airflow/.local/lib/python3.12/site-packages/airflow/template/templater.py", line 91, in resolve_template_files
    setattr(self, field, env.loader.get_source(env, content)[0])  # type: ignore
                         ^^^^^^^^^^^^^^^^^^^^^^^^^^^^^^^^^^^
  File "/home/airflow/.local/lib/python3.12/site-packages/jinja2/loaders.py", line 207, in get_source
    raise TemplateNotFound(template)
jinja2.exceptions.TemplateNotFound: bash /opt/kest/scripts/run_duckdb_gold.sh
[2026-05-24T20:10:48.707+0000] {processor.py:840} INFO - DAG(s) 'kest_example_pipeline' retrieved from /opt/airflow/dags/kest_example_dag.py
[2026-05-24T20:10:48.728+0000] {logging_mixin.py:188} INFO - [2026-05-24T20:10:48.728+0000] {dag.py:3089} INFO - Sync 1 DAGs
[2026-05-24T20:10:48.736+0000] {logging_mixin.py:188} INFO - [2026-05-24T20:10:48.736+0000] {dag.py:3947} INFO - Setting next_dagrun for kest_example_pipeline to None, run_after=None
[2026-05-24T20:10:48.748+0000] {processor.py:183} INFO - Processing /opt/airflow/dags/kest_example_dag.py took 0.056 seconds
[2026-05-24T20:11:18.790+0000] {processor.py:161} INFO - Started process (PID=393) to work on /opt/airflow/dags/kest_example_dag.py
[2026-05-24T20:11:18.790+0000] {processor.py:830} INFO - Processing file /opt/airflow/dags/kest_example_dag.py for tasks to queue
[2026-05-24T20:11:18.791+0000] {logging_mixin.py:188} INFO - [2026-05-24T20:11:18.791+0000] {dagbag.py:545} INFO - Filling up the DagBag from /opt/airflow/dags/kest_example_dag.py
[2026-05-24T20:11:18.797+0000] {logging_mixin.py:188} INFO - [2026-05-24T20:11:18.796+0000] {templater.py:93} ERROR - Failed to resolve template field 'bash_command'
Traceback (most recent call last):
  File "/home/airflow/.local/lib/python3.12/site-packages/airflow/template/templater.py", line 91, in resolve_template_files
    setattr(self, field, env.loader.get_source(env, content)[0])  # type: ignore
                         ^^^^^^^^^^^^^^^^^^^^^^^^^^^^^^^^^^^
  File "/home/airflow/.local/lib/python3.12/site-packages/jinja2/loaders.py", line 207, in get_source
    raise TemplateNotFound(template)
jinja2.exceptions.TemplateNotFound: bash /opt/kest/scripts/run_dlt.sh
[2026-05-24T20:11:18.798+0000] {logging_mixin.py:188} INFO - [2026-05-24T20:11:18.797+0000] {templater.py:93} ERROR - Failed to resolve template field 'bash_command'
Traceback (most recent call last):
  File "/home/airflow/.local/lib/python3.12/site-packages/airflow/template/templater.py", line 91, in resolve_template_files
    setattr(self, field, env.loader.get_source(env, content)[0])  # type: ignore
                         ^^^^^^^^^^^^^^^^^^^^^^^^^^^^^^^^^^^
  File "/home/airflow/.local/lib/python3.12/site-packages/jinja2/loaders.py", line 207, in get_source
    raise TemplateNotFound(template)
jinja2.exceptions.TemplateNotFound: bash /opt/kest/scripts/run_duckdb_silver.sh
[2026-05-24T20:11:18.798+0000] {logging_mixin.py:188} INFO - [2026-05-24T20:11:18.798+0000] {templater.py:93} ERROR - Failed to resolve template field 'bash_command'
Traceback (most recent call last):
  File "/home/airflow/.local/lib/python3.12/site-packages/airflow/template/templater.py", line 91, in resolve_template_files
    setattr(self, field, env.loader.get_source(env, content)[0])  # type: ignore
                         ^^^^^^^^^^^^^^^^^^^^^^^^^^^^^^^^^^^
  File "/home/airflow/.local/lib/python3.12/site-packages/jinja2/loaders.py", line 207, in get_source
    raise TemplateNotFound(template)
jinja2.exceptions.TemplateNotFound: bash /opt/kest/scripts/run_duckdb_gold.sh
[2026-05-24T20:11:18.800+0000] {processor.py:840} INFO - DAG(s) 'kest_example_pipeline' retrieved from /opt/airflow/dags/kest_example_dag.py
[2026-05-24T20:11:18.823+0000] {logging_mixin.py:188} INFO - [2026-05-24T20:11:18.822+0000] {dag.py:3089} INFO - Sync 1 DAGs
[2026-05-24T20:11:18.833+0000] {logging_mixin.py:188} INFO - [2026-05-24T20:11:18.833+0000] {dag.py:3947} INFO - Setting next_dagrun for kest_example_pipeline to None, run_after=None
[2026-05-24T20:11:18.844+0000] {processor.py:183} INFO - Processing /opt/airflow/dags/kest_example_dag.py took 0.058 seconds
[2026-05-24T20:11:48.917+0000] {processor.py:161} INFO - Started process (PID=398) to work on /opt/airflow/dags/kest_example_dag.py
[2026-05-24T20:11:48.917+0000] {processor.py:830} INFO - Processing file /opt/airflow/dags/kest_example_dag.py for tasks to queue
[2026-05-24T20:11:48.918+0000] {logging_mixin.py:188} INFO - [2026-05-24T20:11:48.918+0000] {dagbag.py:545} INFO - Filling up the DagBag from /opt/airflow/dags/kest_example_dag.py
[2026-05-24T20:11:48.924+0000] {logging_mixin.py:188} INFO - [2026-05-24T20:11:48.924+0000] {templater.py:93} ERROR - Failed to resolve template field 'bash_command'
Traceback (most recent call last):
  File "/home/airflow/.local/lib/python3.12/site-packages/airflow/template/templater.py", line 91, in resolve_template_files
    setattr(self, field, env.loader.get_source(env, content)[0])  # type: ignore
                         ^^^^^^^^^^^^^^^^^^^^^^^^^^^^^^^^^^^
  File "/home/airflow/.local/lib/python3.12/site-packages/jinja2/loaders.py", line 207, in get_source
    raise TemplateNotFound(template)
jinja2.exceptions.TemplateNotFound: bash /opt/kest/scripts/run_dlt.sh
[2026-05-24T20:11:48.925+0000] {logging_mixin.py:188} INFO - [2026-05-24T20:11:48.925+0000] {templater.py:93} ERROR - Failed to resolve template field 'bash_command'
Traceback (most recent call last):
  File "/home/airflow/.local/lib/python3.12/site-packages/airflow/template/templater.py", line 91, in resolve_template_files
    setattr(self, field, env.loader.get_source(env, content)[0])  # type: ignore
                         ^^^^^^^^^^^^^^^^^^^^^^^^^^^^^^^^^^^
  File "/home/airflow/.local/lib/python3.12/site-packages/jinja2/loaders.py", line 207, in get_source
    raise TemplateNotFound(template)
jinja2.exceptions.TemplateNotFound: bash /opt/kest/scripts/run_duckdb_silver.sh
[2026-05-24T20:11:48.925+0000] {logging_mixin.py:188} INFO - [2026-05-24T20:11:48.925+0000] {templater.py:93} ERROR - Failed to resolve template field 'bash_command'
Traceback (most recent call last):
  File "/home/airflow/.local/lib/python3.12/site-packages/airflow/template/templater.py", line 91, in resolve_template_files
    setattr(self, field, env.loader.get_source(env, content)[0])  # type: ignore
                         ^^^^^^^^^^^^^^^^^^^^^^^^^^^^^^^^^^^
  File "/home/airflow/.local/lib/python3.12/site-packages/jinja2/loaders.py", line 207, in get_source
    raise TemplateNotFound(template)
jinja2.exceptions.TemplateNotFound: bash /opt/kest/scripts/run_duckdb_gold.sh
[2026-05-24T20:11:48.928+0000] {processor.py:840} INFO - DAG(s) 'kest_example_pipeline' retrieved from /opt/airflow/dags/kest_example_dag.py
[2026-05-24T20:11:48.948+0000] {logging_mixin.py:188} INFO - [2026-05-24T20:11:48.948+0000] {dag.py:3089} INFO - Sync 1 DAGs
[2026-05-24T20:11:48.957+0000] {logging_mixin.py:188} INFO - [2026-05-24T20:11:48.957+0000] {dag.py:3947} INFO - Setting next_dagrun for kest_example_pipeline to None, run_after=None
[2026-05-24T20:11:48.969+0000] {processor.py:183} INFO - Processing /opt/airflow/dags/kest_example_dag.py took 0.056 seconds
[2026-05-24T20:12:19.016+0000] {processor.py:161} INFO - Started process (PID=403) to work on /opt/airflow/dags/kest_example_dag.py
[2026-05-24T20:12:19.017+0000] {processor.py:830} INFO - Processing file /opt/airflow/dags/kest_example_dag.py for tasks to queue
[2026-05-24T20:12:19.018+0000] {logging_mixin.py:188} INFO - [2026-05-24T20:12:19.018+0000] {dagbag.py:545} INFO - Filling up the DagBag from /opt/airflow/dags/kest_example_dag.py
[2026-05-24T20:12:19.023+0000] {logging_mixin.py:188} INFO - [2026-05-24T20:12:19.022+0000] {templater.py:93} ERROR - Failed to resolve template field 'bash_command'
Traceback (most recent call last):
  File "/home/airflow/.local/lib/python3.12/site-packages/airflow/template/templater.py", line 91, in resolve_template_files
    setattr(self, field, env.loader.get_source(env, content)[0])  # type: ignore
                         ^^^^^^^^^^^^^^^^^^^^^^^^^^^^^^^^^^^
  File "/home/airflow/.local/lib/python3.12/site-packages/jinja2/loaders.py", line 207, in get_source
    raise TemplateNotFound(template)
jinja2.exceptions.TemplateNotFound: bash /opt/kest/scripts/run_dlt.sh
[2026-05-24T20:12:19.023+0000] {logging_mixin.py:188} INFO - [2026-05-24T20:12:19.023+0000] {templater.py:93} ERROR - Failed to resolve template field 'bash_command'
Traceback (most recent call last):
  File "/home/airflow/.local/lib/python3.12/site-packages/airflow/template/templater.py", line 91, in resolve_template_files
    setattr(self, field, env.loader.get_source(env, content)[0])  # type: ignore
                         ^^^^^^^^^^^^^^^^^^^^^^^^^^^^^^^^^^^
  File "/home/airflow/.local/lib/python3.12/site-packages/jinja2/loaders.py", line 207, in get_source
    raise TemplateNotFound(template)
jinja2.exceptions.TemplateNotFound: bash /opt/kest/scripts/run_duckdb_silver.sh
[2026-05-24T20:12:19.024+0000] {logging_mixin.py:188} INFO - [2026-05-24T20:12:19.024+0000] {templater.py:93} ERROR - Failed to resolve template field 'bash_command'
Traceback (most recent call last):
  File "/home/airflow/.local/lib/python3.12/site-packages/airflow/template/templater.py", line 91, in resolve_template_files
    setattr(self, field, env.loader.get_source(env, content)[0])  # type: ignore
                         ^^^^^^^^^^^^^^^^^^^^^^^^^^^^^^^^^^^
  File "/home/airflow/.local/lib/python3.12/site-packages/jinja2/loaders.py", line 207, in get_source
    raise TemplateNotFound(template)
jinja2.exceptions.TemplateNotFound: bash /opt/kest/scripts/run_duckdb_gold.sh
[2026-05-24T20:12:19.026+0000] {processor.py:840} INFO - DAG(s) 'kest_example_pipeline' retrieved from /opt/airflow/dags/kest_example_dag.py
[2026-05-24T20:12:19.044+0000] {logging_mixin.py:188} INFO - [2026-05-24T20:12:19.044+0000] {dag.py:3089} INFO - Sync 1 DAGs
[2026-05-24T20:12:19.051+0000] {logging_mixin.py:188} INFO - [2026-05-24T20:12:19.050+0000] {dag.py:3947} INFO - Setting next_dagrun for kest_example_pipeline to None, run_after=None
[2026-05-24T20:12:19.060+0000] {processor.py:183} INFO - Processing /opt/airflow/dags/kest_example_dag.py took 0.047 seconds
[2026-05-24T20:12:49.140+0000] {processor.py:161} INFO - Started process (PID=408) to work on /opt/airflow/dags/kest_example_dag.py
[2026-05-24T20:12:49.140+0000] {processor.py:830} INFO - Processing file /opt/airflow/dags/kest_example_dag.py for tasks to queue
[2026-05-24T20:12:49.141+0000] {logging_mixin.py:188} INFO - [2026-05-24T20:12:49.141+0000] {dagbag.py:545} INFO - Filling up the DagBag from /opt/airflow/dags/kest_example_dag.py
[2026-05-24T20:12:49.146+0000] {logging_mixin.py:188} INFO - [2026-05-24T20:12:49.146+0000] {templater.py:93} ERROR - Failed to resolve template field 'bash_command'
Traceback (most recent call last):
  File "/home/airflow/.local/lib/python3.12/site-packages/airflow/template/templater.py", line 91, in resolve_template_files
    setattr(self, field, env.loader.get_source(env, content)[0])  # type: ignore
                         ^^^^^^^^^^^^^^^^^^^^^^^^^^^^^^^^^^^
  File "/home/airflow/.local/lib/python3.12/site-packages/jinja2/loaders.py", line 207, in get_source
    raise TemplateNotFound(template)
jinja2.exceptions.TemplateNotFound: bash /opt/kest/scripts/run_dlt.sh
[2026-05-24T20:12:49.147+0000] {logging_mixin.py:188} INFO - [2026-05-24T20:12:49.146+0000] {templater.py:93} ERROR - Failed to resolve template field 'bash_command'
Traceback (most recent call last):
  File "/home/airflow/.local/lib/python3.12/site-packages/airflow/template/templater.py", line 91, in resolve_template_files
    setattr(self, field, env.loader.get_source(env, content)[0])  # type: ignore
                         ^^^^^^^^^^^^^^^^^^^^^^^^^^^^^^^^^^^
  File "/home/airflow/.local/lib/python3.12/site-packages/jinja2/loaders.py", line 207, in get_source
    raise TemplateNotFound(template)
jinja2.exceptions.TemplateNotFound: bash /opt/kest/scripts/run_duckdb_silver.sh
[2026-05-24T20:12:49.147+0000] {logging_mixin.py:188} INFO - [2026-05-24T20:12:49.147+0000] {templater.py:93} ERROR - Failed to resolve template field 'bash_command'
Traceback (most recent call last):
  File "/home/airflow/.local/lib/python3.12/site-packages/airflow/template/templater.py", line 91, in resolve_template_files
    setattr(self, field, env.loader.get_source(env, content)[0])  # type: ignore
                         ^^^^^^^^^^^^^^^^^^^^^^^^^^^^^^^^^^^
  File "/home/airflow/.local/lib/python3.12/site-packages/jinja2/loaders.py", line 207, in get_source
    raise TemplateNotFound(template)
jinja2.exceptions.TemplateNotFound: bash /opt/kest/scripts/run_duckdb_gold.sh
[2026-05-24T20:12:49.149+0000] {processor.py:840} INFO - DAG(s) 'kest_example_pipeline' retrieved from /opt/airflow/dags/kest_example_dag.py
[2026-05-24T20:12:49.170+0000] {logging_mixin.py:188} INFO - [2026-05-24T20:12:49.169+0000] {dag.py:3089} INFO - Sync 1 DAGs
[2026-05-24T20:12:49.176+0000] {logging_mixin.py:188} INFO - [2026-05-24T20:12:49.176+0000] {dag.py:3947} INFO - Setting next_dagrun for kest_example_pipeline to None, run_after=None
[2026-05-24T20:12:49.185+0000] {processor.py:183} INFO - Processing /opt/airflow/dags/kest_example_dag.py took 0.048 seconds
[2026-05-24T20:13:19.230+0000] {processor.py:161} INFO - Started process (PID=413) to work on /opt/airflow/dags/kest_example_dag.py
[2026-05-24T20:13:19.230+0000] {processor.py:830} INFO - Processing file /opt/airflow/dags/kest_example_dag.py for tasks to queue
[2026-05-24T20:13:19.231+0000] {logging_mixin.py:188} INFO - [2026-05-24T20:13:19.231+0000] {dagbag.py:545} INFO - Filling up the DagBag from /opt/airflow/dags/kest_example_dag.py
[2026-05-24T20:13:19.237+0000] {logging_mixin.py:188} INFO - [2026-05-24T20:13:19.236+0000] {templater.py:93} ERROR - Failed to resolve template field 'bash_command'
Traceback (most recent call last):
  File "/home/airflow/.local/lib/python3.12/site-packages/airflow/template/templater.py", line 91, in resolve_template_files
    setattr(self, field, env.loader.get_source(env, content)[0])  # type: ignore
                         ^^^^^^^^^^^^^^^^^^^^^^^^^^^^^^^^^^^
  File "/home/airflow/.local/lib/python3.12/site-packages/jinja2/loaders.py", line 207, in get_source
    raise TemplateNotFound(template)
jinja2.exceptions.TemplateNotFound: bash /opt/kest/scripts/run_dlt.sh
[2026-05-24T20:13:19.237+0000] {logging_mixin.py:188} INFO - [2026-05-24T20:13:19.237+0000] {templater.py:93} ERROR - Failed to resolve template field 'bash_command'
Traceback (most recent call last):
  File "/home/airflow/.local/lib/python3.12/site-packages/airflow/template/templater.py", line 91, in resolve_template_files
    setattr(self, field, env.loader.get_source(env, content)[0])  # type: ignore
                         ^^^^^^^^^^^^^^^^^^^^^^^^^^^^^^^^^^^
  File "/home/airflow/.local/lib/python3.12/site-packages/jinja2/loaders.py", line 207, in get_source
    raise TemplateNotFound(template)
jinja2.exceptions.TemplateNotFound: bash /opt/kest/scripts/run_duckdb_silver.sh
[2026-05-24T20:13:19.237+0000] {logging_mixin.py:188} INFO - [2026-05-24T20:13:19.237+0000] {templater.py:93} ERROR - Failed to resolve template field 'bash_command'
Traceback (most recent call last):
  File "/home/airflow/.local/lib/python3.12/site-packages/airflow/template/templater.py", line 91, in resolve_template_files
    setattr(self, field, env.loader.get_source(env, content)[0])  # type: ignore
                         ^^^^^^^^^^^^^^^^^^^^^^^^^^^^^^^^^^^
  File "/home/airflow/.local/lib/python3.12/site-packages/jinja2/loaders.py", line 207, in get_source
    raise TemplateNotFound(template)
jinja2.exceptions.TemplateNotFound: bash /opt/kest/scripts/run_duckdb_gold.sh
[2026-05-24T20:13:19.240+0000] {processor.py:840} INFO - DAG(s) 'kest_example_pipeline' retrieved from /opt/airflow/dags/kest_example_dag.py
[2026-05-24T20:13:19.257+0000] {logging_mixin.py:188} INFO - [2026-05-24T20:13:19.257+0000] {dag.py:3089} INFO - Sync 1 DAGs
[2026-05-24T20:13:19.264+0000] {logging_mixin.py:188} INFO - [2026-05-24T20:13:19.264+0000] {dag.py:3947} INFO - Setting next_dagrun for kest_example_pipeline to None, run_after=None
[2026-05-24T20:13:19.275+0000] {processor.py:183} INFO - Processing /opt/airflow/dags/kest_example_dag.py took 0.048 seconds
[2026-05-24T20:13:49.351+0000] {processor.py:161} INFO - Started process (PID=418) to work on /opt/airflow/dags/kest_example_dag.py
[2026-05-24T20:13:49.352+0000] {processor.py:830} INFO - Processing file /opt/airflow/dags/kest_example_dag.py for tasks to queue
[2026-05-24T20:13:49.353+0000] {logging_mixin.py:188} INFO - [2026-05-24T20:13:49.353+0000] {dagbag.py:545} INFO - Filling up the DagBag from /opt/airflow/dags/kest_example_dag.py
[2026-05-24T20:13:49.359+0000] {logging_mixin.py:188} INFO - [2026-05-24T20:13:49.358+0000] {templater.py:93} ERROR - Failed to resolve template field 'bash_command'
Traceback (most recent call last):
  File "/home/airflow/.local/lib/python3.12/site-packages/airflow/template/templater.py", line 91, in resolve_template_files
    setattr(self, field, env.loader.get_source(env, content)[0])  # type: ignore
                         ^^^^^^^^^^^^^^^^^^^^^^^^^^^^^^^^^^^
  File "/home/airflow/.local/lib/python3.12/site-packages/jinja2/loaders.py", line 207, in get_source
    raise TemplateNotFound(template)
jinja2.exceptions.TemplateNotFound: bash /opt/kest/scripts/run_dlt.sh
[2026-05-24T20:13:49.359+0000] {logging_mixin.py:188} INFO - [2026-05-24T20:13:49.359+0000] {templater.py:93} ERROR - Failed to resolve template field 'bash_command'
Traceback (most recent call last):
  File "/home/airflow/.local/lib/python3.12/site-packages/airflow/template/templater.py", line 91, in resolve_template_files
    setattr(self, field, env.loader.get_source(env, content)[0])  # type: ignore
                         ^^^^^^^^^^^^^^^^^^^^^^^^^^^^^^^^^^^
  File "/home/airflow/.local/lib/python3.12/site-packages/jinja2/loaders.py", line 207, in get_source
    raise TemplateNotFound(template)
jinja2.exceptions.TemplateNotFound: bash /opt/kest/scripts/run_duckdb_silver.sh
[2026-05-24T20:13:49.360+0000] {logging_mixin.py:188} INFO - [2026-05-24T20:13:49.359+0000] {templater.py:93} ERROR - Failed to resolve template field 'bash_command'
Traceback (most recent call last):
  File "/home/airflow/.local/lib/python3.12/site-packages/airflow/template/templater.py", line 91, in resolve_template_files
    setattr(self, field, env.loader.get_source(env, content)[0])  # type: ignore
                         ^^^^^^^^^^^^^^^^^^^^^^^^^^^^^^^^^^^
  File "/home/airflow/.local/lib/python3.12/site-packages/jinja2/loaders.py", line 207, in get_source
    raise TemplateNotFound(template)
jinja2.exceptions.TemplateNotFound: bash /opt/kest/scripts/run_duckdb_gold.sh
[2026-05-24T20:13:49.362+0000] {processor.py:840} INFO - DAG(s) 'kest_example_pipeline' retrieved from /opt/airflow/dags/kest_example_dag.py
[2026-05-24T20:13:49.379+0000] {logging_mixin.py:188} INFO - [2026-05-24T20:13:49.379+0000] {dag.py:3089} INFO - Sync 1 DAGs
[2026-05-24T20:13:49.387+0000] {logging_mixin.py:188} INFO - [2026-05-24T20:13:49.387+0000] {dag.py:3947} INFO - Setting next_dagrun for kest_example_pipeline to None, run_after=None
[2026-05-24T20:13:49.397+0000] {processor.py:183} INFO - Processing /opt/airflow/dags/kest_example_dag.py took 0.050 seconds
[2026-05-24T20:14:19.440+0000] {processor.py:161} INFO - Started process (PID=425) to work on /opt/airflow/dags/kest_example_dag.py
[2026-05-24T20:14:19.441+0000] {processor.py:830} INFO - Processing file /opt/airflow/dags/kest_example_dag.py for tasks to queue
[2026-05-24T20:14:19.442+0000] {logging_mixin.py:188} INFO - [2026-05-24T20:14:19.442+0000] {dagbag.py:545} INFO - Filling up the DagBag from /opt/airflow/dags/kest_example_dag.py
[2026-05-24T20:14:19.448+0000] {logging_mixin.py:188} INFO - [2026-05-24T20:14:19.447+0000] {templater.py:93} ERROR - Failed to resolve template field 'bash_command'
Traceback (most recent call last):
  File "/home/airflow/.local/lib/python3.12/site-packages/airflow/template/templater.py", line 91, in resolve_template_files
    setattr(self, field, env.loader.get_source(env, content)[0])  # type: ignore
                         ^^^^^^^^^^^^^^^^^^^^^^^^^^^^^^^^^^^
  File "/home/airflow/.local/lib/python3.12/site-packages/jinja2/loaders.py", line 207, in get_source
    raise TemplateNotFound(template)
jinja2.exceptions.TemplateNotFound: bash /opt/kest/scripts/run_dlt.sh
[2026-05-24T20:14:19.448+0000] {logging_mixin.py:188} INFO - [2026-05-24T20:14:19.448+0000] {templater.py:93} ERROR - Failed to resolve template field 'bash_command'
Traceback (most recent call last):
  File "/home/airflow/.local/lib/python3.12/site-packages/airflow/template/templater.py", line 91, in resolve_template_files
    setattr(self, field, env.loader.get_source(env, content)[0])  # type: ignore
                         ^^^^^^^^^^^^^^^^^^^^^^^^^^^^^^^^^^^
  File "/home/airflow/.local/lib/python3.12/site-packages/jinja2/loaders.py", line 207, in get_source
    raise TemplateNotFound(template)
jinja2.exceptions.TemplateNotFound: bash /opt/kest/scripts/run_duckdb_silver.sh
[2026-05-24T20:14:19.448+0000] {logging_mixin.py:188} INFO - [2026-05-24T20:14:19.448+0000] {templater.py:93} ERROR - Failed to resolve template field 'bash_command'
Traceback (most recent call last):
  File "/home/airflow/.local/lib/python3.12/site-packages/airflow/template/templater.py", line 91, in resolve_template_files
    setattr(self, field, env.loader.get_source(env, content)[0])  # type: ignore
                         ^^^^^^^^^^^^^^^^^^^^^^^^^^^^^^^^^^^
  File "/home/airflow/.local/lib/python3.12/site-packages/jinja2/loaders.py", line 207, in get_source
    raise TemplateNotFound(template)
jinja2.exceptions.TemplateNotFound: bash /opt/kest/scripts/run_duckdb_gold.sh
[2026-05-24T20:14:19.450+0000] {processor.py:840} INFO - DAG(s) 'kest_example_pipeline' retrieved from /opt/airflow/dags/kest_example_dag.py
[2026-05-24T20:14:19.471+0000] {logging_mixin.py:188} INFO - [2026-05-24T20:14:19.471+0000] {dag.py:3089} INFO - Sync 1 DAGs
[2026-05-24T20:14:19.478+0000] {logging_mixin.py:188} INFO - [2026-05-24T20:14:19.478+0000] {dag.py:3947} INFO - Setting next_dagrun for kest_example_pipeline to None, run_after=None
[2026-05-24T20:14:19.488+0000] {processor.py:183} INFO - Processing /opt/airflow/dags/kest_example_dag.py took 0.053 seconds
[2026-05-24T20:14:49.557+0000] {processor.py:161} INFO - Started process (PID=430) to work on /opt/airflow/dags/kest_example_dag.py
[2026-05-24T20:14:49.558+0000] {processor.py:830} INFO - Processing file /opt/airflow/dags/kest_example_dag.py for tasks to queue
[2026-05-24T20:14:49.560+0000] {logging_mixin.py:188} INFO - [2026-05-24T20:14:49.559+0000] {dagbag.py:545} INFO - Filling up the DagBag from /opt/airflow/dags/kest_example_dag.py
[2026-05-24T20:14:49.567+0000] {logging_mixin.py:188} INFO - [2026-05-24T20:14:49.567+0000] {templater.py:93} ERROR - Failed to resolve template field 'bash_command'
Traceback (most recent call last):
  File "/home/airflow/.local/lib/python3.12/site-packages/airflow/template/templater.py", line 91, in resolve_template_files
    setattr(self, field, env.loader.get_source(env, content)[0])  # type: ignore
                         ^^^^^^^^^^^^^^^^^^^^^^^^^^^^^^^^^^^
  File "/home/airflow/.local/lib/python3.12/site-packages/jinja2/loaders.py", line 207, in get_source
    raise TemplateNotFound(template)
jinja2.exceptions.TemplateNotFound: bash /opt/kest/scripts/run_dlt.sh
[2026-05-24T20:14:49.568+0000] {logging_mixin.py:188} INFO - [2026-05-24T20:14:49.568+0000] {templater.py:93} ERROR - Failed to resolve template field 'bash_command'
Traceback (most recent call last):
  File "/home/airflow/.local/lib/python3.12/site-packages/airflow/template/templater.py", line 91, in resolve_template_files
    setattr(self, field, env.loader.get_source(env, content)[0])  # type: ignore
                         ^^^^^^^^^^^^^^^^^^^^^^^^^^^^^^^^^^^
  File "/home/airflow/.local/lib/python3.12/site-packages/jinja2/loaders.py", line 207, in get_source
    raise TemplateNotFound(template)
jinja2.exceptions.TemplateNotFound: bash /opt/kest/scripts/run_duckdb_silver.sh
[2026-05-24T20:14:49.568+0000] {logging_mixin.py:188} INFO - [2026-05-24T20:14:49.568+0000] {templater.py:93} ERROR - Failed to resolve template field 'bash_command'
Traceback (most recent call last):
  File "/home/airflow/.local/lib/python3.12/site-packages/airflow/template/templater.py", line 91, in resolve_template_files
    setattr(self, field, env.loader.get_source(env, content)[0])  # type: ignore
                         ^^^^^^^^^^^^^^^^^^^^^^^^^^^^^^^^^^^
  File "/home/airflow/.local/lib/python3.12/site-packages/jinja2/loaders.py", line 207, in get_source
    raise TemplateNotFound(template)
jinja2.exceptions.TemplateNotFound: bash /opt/kest/scripts/run_duckdb_gold.sh
[2026-05-24T20:14:49.571+0000] {processor.py:840} INFO - DAG(s) 'kest_example_pipeline' retrieved from /opt/airflow/dags/kest_example_dag.py
[2026-05-24T20:14:49.588+0000] {logging_mixin.py:188} INFO - [2026-05-24T20:14:49.588+0000] {dag.py:3089} INFO - Sync 1 DAGs
[2026-05-24T20:14:49.596+0000] {logging_mixin.py:188} INFO - [2026-05-24T20:14:49.595+0000] {dag.py:3947} INFO - Setting next_dagrun for kest_example_pipeline to None, run_after=None
[2026-05-24T20:14:49.607+0000] {processor.py:183} INFO - Processing /opt/airflow/dags/kest_example_dag.py took 0.054 seconds
[2026-05-24T20:15:19.650+0000] {processor.py:161} INFO - Started process (PID=435) to work on /opt/airflow/dags/kest_example_dag.py
[2026-05-24T20:15:19.650+0000] {processor.py:830} INFO - Processing file /opt/airflow/dags/kest_example_dag.py for tasks to queue
[2026-05-24T20:15:19.651+0000] {logging_mixin.py:188} INFO - [2026-05-24T20:15:19.651+0000] {dagbag.py:545} INFO - Filling up the DagBag from /opt/airflow/dags/kest_example_dag.py
[2026-05-24T20:15:19.658+0000] {logging_mixin.py:188} INFO - [2026-05-24T20:15:19.657+0000] {templater.py:93} ERROR - Failed to resolve template field 'bash_command'
Traceback (most recent call last):
  File "/home/airflow/.local/lib/python3.12/site-packages/airflow/template/templater.py", line 91, in resolve_template_files
    setattr(self, field, env.loader.get_source(env, content)[0])  # type: ignore
                         ^^^^^^^^^^^^^^^^^^^^^^^^^^^^^^^^^^^
  File "/home/airflow/.local/lib/python3.12/site-packages/jinja2/loaders.py", line 207, in get_source
    raise TemplateNotFound(template)
jinja2.exceptions.TemplateNotFound: bash /opt/kest/scripts/run_dlt.sh
[2026-05-24T20:15:19.658+0000] {logging_mixin.py:188} INFO - [2026-05-24T20:15:19.658+0000] {templater.py:93} ERROR - Failed to resolve template field 'bash_command'
Traceback (most recent call last):
  File "/home/airflow/.local/lib/python3.12/site-packages/airflow/template/templater.py", line 91, in resolve_template_files
    setattr(self, field, env.loader.get_source(env, content)[0])  # type: ignore
                         ^^^^^^^^^^^^^^^^^^^^^^^^^^^^^^^^^^^
  File "/home/airflow/.local/lib/python3.12/site-packages/jinja2/loaders.py", line 207, in get_source
    raise TemplateNotFound(template)
jinja2.exceptions.TemplateNotFound: bash /opt/kest/scripts/run_duckdb_silver.sh
[2026-05-24T20:15:19.658+0000] {logging_mixin.py:188} INFO - [2026-05-24T20:15:19.658+0000] {templater.py:93} ERROR - Failed to resolve template field 'bash_command'
Traceback (most recent call last):
  File "/home/airflow/.local/lib/python3.12/site-packages/airflow/template/templater.py", line 91, in resolve_template_files
    setattr(self, field, env.loader.get_source(env, content)[0])  # type: ignore
                         ^^^^^^^^^^^^^^^^^^^^^^^^^^^^^^^^^^^
  File "/home/airflow/.local/lib/python3.12/site-packages/jinja2/loaders.py", line 207, in get_source
    raise TemplateNotFound(template)
jinja2.exceptions.TemplateNotFound: bash /opt/kest/scripts/run_duckdb_gold.sh
[2026-05-24T20:15:19.661+0000] {processor.py:840} INFO - DAG(s) 'kest_example_pipeline' retrieved from /opt/airflow/dags/kest_example_dag.py
[2026-05-24T20:15:19.680+0000] {logging_mixin.py:188} INFO - [2026-05-24T20:15:19.679+0000] {dag.py:3089} INFO - Sync 1 DAGs
[2026-05-24T20:15:19.687+0000] {logging_mixin.py:188} INFO - [2026-05-24T20:15:19.686+0000] {dag.py:3947} INFO - Setting next_dagrun for kest_example_pipeline to None, run_after=None
[2026-05-24T20:15:19.700+0000] {processor.py:183} INFO - Processing /opt/airflow/dags/kest_example_dag.py took 0.054 seconds
[2026-05-24T20:15:49.773+0000] {processor.py:161} INFO - Started process (PID=440) to work on /opt/airflow/dags/kest_example_dag.py
[2026-05-24T20:15:49.774+0000] {processor.py:830} INFO - Processing file /opt/airflow/dags/kest_example_dag.py for tasks to queue
[2026-05-24T20:15:49.774+0000] {logging_mixin.py:188} INFO - [2026-05-24T20:15:49.774+0000] {dagbag.py:545} INFO - Filling up the DagBag from /opt/airflow/dags/kest_example_dag.py
[2026-05-24T20:15:49.780+0000] {logging_mixin.py:188} INFO - [2026-05-24T20:15:49.780+0000] {templater.py:93} ERROR - Failed to resolve template field 'bash_command'
Traceback (most recent call last):
  File "/home/airflow/.local/lib/python3.12/site-packages/airflow/template/templater.py", line 91, in resolve_template_files
    setattr(self, field, env.loader.get_source(env, content)[0])  # type: ignore
                         ^^^^^^^^^^^^^^^^^^^^^^^^^^^^^^^^^^^
  File "/home/airflow/.local/lib/python3.12/site-packages/jinja2/loaders.py", line 207, in get_source
    raise TemplateNotFound(template)
jinja2.exceptions.TemplateNotFound: bash /opt/kest/scripts/run_dlt.sh
[2026-05-24T20:15:49.781+0000] {logging_mixin.py:188} INFO - [2026-05-24T20:15:49.780+0000] {templater.py:93} ERROR - Failed to resolve template field 'bash_command'
Traceback (most recent call last):
  File "/home/airflow/.local/lib/python3.12/site-packages/airflow/template/templater.py", line 91, in resolve_template_files
    setattr(self, field, env.loader.get_source(env, content)[0])  # type: ignore
                         ^^^^^^^^^^^^^^^^^^^^^^^^^^^^^^^^^^^
  File "/home/airflow/.local/lib/python3.12/site-packages/jinja2/loaders.py", line 207, in get_source
    raise TemplateNotFound(template)
jinja2.exceptions.TemplateNotFound: bash /opt/kest/scripts/run_duckdb_silver.sh
[2026-05-24T20:15:49.781+0000] {logging_mixin.py:188} INFO - [2026-05-24T20:15:49.781+0000] {templater.py:93} ERROR - Failed to resolve template field 'bash_command'
Traceback (most recent call last):
  File "/home/airflow/.local/lib/python3.12/site-packages/airflow/template/templater.py", line 91, in resolve_template_files
    setattr(self, field, env.loader.get_source(env, content)[0])  # type: ignore
                         ^^^^^^^^^^^^^^^^^^^^^^^^^^^^^^^^^^^
  File "/home/airflow/.local/lib/python3.12/site-packages/jinja2/loaders.py", line 207, in get_source
    raise TemplateNotFound(template)
jinja2.exceptions.TemplateNotFound: bash /opt/kest/scripts/run_duckdb_gold.sh
[2026-05-24T20:15:49.783+0000] {processor.py:840} INFO - DAG(s) 'kest_example_pipeline' retrieved from /opt/airflow/dags/kest_example_dag.py
[2026-05-24T20:15:49.801+0000] {logging_mixin.py:188} INFO - [2026-05-24T20:15:49.801+0000] {dag.py:3089} INFO - Sync 1 DAGs
[2026-05-24T20:15:49.808+0000] {logging_mixin.py:188} INFO - [2026-05-24T20:15:49.808+0000] {dag.py:3947} INFO - Setting next_dagrun for kest_example_pipeline to None, run_after=None
[2026-05-24T20:15:49.817+0000] {processor.py:183} INFO - Processing /opt/airflow/dags/kest_example_dag.py took 0.047 seconds
[2026-05-24T20:16:19.873+0000] {processor.py:161} INFO - Started process (PID=445) to work on /opt/airflow/dags/kest_example_dag.py
[2026-05-24T20:16:19.874+0000] {processor.py:830} INFO - Processing file /opt/airflow/dags/kest_example_dag.py for tasks to queue
[2026-05-24T20:16:19.875+0000] {logging_mixin.py:188} INFO - [2026-05-24T20:16:19.875+0000] {dagbag.py:545} INFO - Filling up the DagBag from /opt/airflow/dags/kest_example_dag.py
[2026-05-24T20:16:19.880+0000] {logging_mixin.py:188} INFO - [2026-05-24T20:16:19.879+0000] {templater.py:93} ERROR - Failed to resolve template field 'bash_command'
Traceback (most recent call last):
  File "/home/airflow/.local/lib/python3.12/site-packages/airflow/template/templater.py", line 91, in resolve_template_files
    setattr(self, field, env.loader.get_source(env, content)[0])  # type: ignore
                         ^^^^^^^^^^^^^^^^^^^^^^^^^^^^^^^^^^^
  File "/home/airflow/.local/lib/python3.12/site-packages/jinja2/loaders.py", line 207, in get_source
    raise TemplateNotFound(template)
jinja2.exceptions.TemplateNotFound: bash /opt/kest/scripts/run_dlt.sh
[2026-05-24T20:16:19.880+0000] {logging_mixin.py:188} INFO - [2026-05-24T20:16:19.880+0000] {templater.py:93} ERROR - Failed to resolve template field 'bash_command'
Traceback (most recent call last):
  File "/home/airflow/.local/lib/python3.12/site-packages/airflow/template/templater.py", line 91, in resolve_template_files
    setattr(self, field, env.loader.get_source(env, content)[0])  # type: ignore
                         ^^^^^^^^^^^^^^^^^^^^^^^^^^^^^^^^^^^
  File "/home/airflow/.local/lib/python3.12/site-packages/jinja2/loaders.py", line 207, in get_source
    raise TemplateNotFound(template)
jinja2.exceptions.TemplateNotFound: bash /opt/kest/scripts/run_duckdb_silver.sh
[2026-05-24T20:16:19.881+0000] {logging_mixin.py:188} INFO - [2026-05-24T20:16:19.881+0000] {templater.py:93} ERROR - Failed to resolve template field 'bash_command'
Traceback (most recent call last):
  File "/home/airflow/.local/lib/python3.12/site-packages/airflow/template/templater.py", line 91, in resolve_template_files
    setattr(self, field, env.loader.get_source(env, content)[0])  # type: ignore
                         ^^^^^^^^^^^^^^^^^^^^^^^^^^^^^^^^^^^
  File "/home/airflow/.local/lib/python3.12/site-packages/jinja2/loaders.py", line 207, in get_source
    raise TemplateNotFound(template)
jinja2.exceptions.TemplateNotFound: bash /opt/kest/scripts/run_duckdb_gold.sh
[2026-05-24T20:16:19.883+0000] {processor.py:840} INFO - DAG(s) 'kest_example_pipeline' retrieved from /opt/airflow/dags/kest_example_dag.py
[2026-05-24T20:16:19.905+0000] {logging_mixin.py:188} INFO - [2026-05-24T20:16:19.904+0000] {dag.py:3089} INFO - Sync 1 DAGs
[2026-05-24T20:16:19.914+0000] {logging_mixin.py:188} INFO - [2026-05-24T20:16:19.914+0000] {dag.py:3947} INFO - Setting next_dagrun for kest_example_pipeline to None, run_after=None
[2026-05-24T20:16:19.927+0000] {processor.py:183} INFO - Processing /opt/airflow/dags/kest_example_dag.py took 0.058 seconds
[2026-05-24T20:16:49.989+0000] {processor.py:161} INFO - Started process (PID=450) to work on /opt/airflow/dags/kest_example_dag.py
[2026-05-24T20:16:49.990+0000] {processor.py:830} INFO - Processing file /opt/airflow/dags/kest_example_dag.py for tasks to queue
[2026-05-24T20:16:49.990+0000] {logging_mixin.py:188} INFO - [2026-05-24T20:16:49.990+0000] {dagbag.py:545} INFO - Filling up the DagBag from /opt/airflow/dags/kest_example_dag.py
[2026-05-24T20:16:49.996+0000] {logging_mixin.py:188} INFO - [2026-05-24T20:16:49.996+0000] {templater.py:93} ERROR - Failed to resolve template field 'bash_command'
Traceback (most recent call last):
  File "/home/airflow/.local/lib/python3.12/site-packages/airflow/template/templater.py", line 91, in resolve_template_files
    setattr(self, field, env.loader.get_source(env, content)[0])  # type: ignore
                         ^^^^^^^^^^^^^^^^^^^^^^^^^^^^^^^^^^^
  File "/home/airflow/.local/lib/python3.12/site-packages/jinja2/loaders.py", line 207, in get_source
    raise TemplateNotFound(template)
jinja2.exceptions.TemplateNotFound: bash /opt/kest/scripts/run_dlt.sh
[2026-05-24T20:16:49.997+0000] {logging_mixin.py:188} INFO - [2026-05-24T20:16:49.997+0000] {templater.py:93} ERROR - Failed to resolve template field 'bash_command'
Traceback (most recent call last):
  File "/home/airflow/.local/lib/python3.12/site-packages/airflow/template/templater.py", line 91, in resolve_template_files
    setattr(self, field, env.loader.get_source(env, content)[0])  # type: ignore
                         ^^^^^^^^^^^^^^^^^^^^^^^^^^^^^^^^^^^
  File "/home/airflow/.local/lib/python3.12/site-packages/jinja2/loaders.py", line 207, in get_source
    raise TemplateNotFound(template)
jinja2.exceptions.TemplateNotFound: bash /opt/kest/scripts/run_duckdb_silver.sh
[2026-05-24T20:16:49.997+0000] {logging_mixin.py:188} INFO - [2026-05-24T20:16:49.997+0000] {templater.py:93} ERROR - Failed to resolve template field 'bash_command'
Traceback (most recent call last):
  File "/home/airflow/.local/lib/python3.12/site-packages/airflow/template/templater.py", line 91, in resolve_template_files
    setattr(self, field, env.loader.get_source(env, content)[0])  # type: ignore
                         ^^^^^^^^^^^^^^^^^^^^^^^^^^^^^^^^^^^
  File "/home/airflow/.local/lib/python3.12/site-packages/jinja2/loaders.py", line 207, in get_source
    raise TemplateNotFound(template)
jinja2.exceptions.TemplateNotFound: bash /opt/kest/scripts/run_duckdb_gold.sh
[2026-05-24T20:16:50.000+0000] {processor.py:840} INFO - DAG(s) 'kest_example_pipeline' retrieved from /opt/airflow/dags/kest_example_dag.py
[2026-05-24T20:16:50.023+0000] {logging_mixin.py:188} INFO - [2026-05-24T20:16:50.023+0000] {dag.py:3089} INFO - Sync 1 DAGs
[2026-05-24T20:16:50.031+0000] {logging_mixin.py:188} INFO - [2026-05-24T20:16:50.031+0000] {dag.py:3947} INFO - Setting next_dagrun for kest_example_pipeline to None, run_after=None
[2026-05-24T20:16:50.043+0000] {processor.py:183} INFO - Processing /opt/airflow/dags/kest_example_dag.py took 0.058 seconds
[2026-05-24T20:17:20.094+0000] {processor.py:161} INFO - Started process (PID=455) to work on /opt/airflow/dags/kest_example_dag.py
[2026-05-24T20:17:20.094+0000] {processor.py:830} INFO - Processing file /opt/airflow/dags/kest_example_dag.py for tasks to queue
[2026-05-24T20:17:20.095+0000] {logging_mixin.py:188} INFO - [2026-05-24T20:17:20.095+0000] {dagbag.py:545} INFO - Filling up the DagBag from /opt/airflow/dags/kest_example_dag.py
[2026-05-24T20:17:20.101+0000] {logging_mixin.py:188} INFO - [2026-05-24T20:17:20.100+0000] {templater.py:93} ERROR - Failed to resolve template field 'bash_command'
Traceback (most recent call last):
  File "/home/airflow/.local/lib/python3.12/site-packages/airflow/template/templater.py", line 91, in resolve_template_files
    setattr(self, field, env.loader.get_source(env, content)[0])  # type: ignore
                         ^^^^^^^^^^^^^^^^^^^^^^^^^^^^^^^^^^^
  File "/home/airflow/.local/lib/python3.12/site-packages/jinja2/loaders.py", line 207, in get_source
    raise TemplateNotFound(template)
jinja2.exceptions.TemplateNotFound: bash /opt/kest/scripts/run_dlt.sh
[2026-05-24T20:17:20.101+0000] {logging_mixin.py:188} INFO - [2026-05-24T20:17:20.101+0000] {templater.py:93} ERROR - Failed to resolve template field 'bash_command'
Traceback (most recent call last):
  File "/home/airflow/.local/lib/python3.12/site-packages/airflow/template/templater.py", line 91, in resolve_template_files
    setattr(self, field, env.loader.get_source(env, content)[0])  # type: ignore
                         ^^^^^^^^^^^^^^^^^^^^^^^^^^^^^^^^^^^
  File "/home/airflow/.local/lib/python3.12/site-packages/jinja2/loaders.py", line 207, in get_source
    raise TemplateNotFound(template)
jinja2.exceptions.TemplateNotFound: bash /opt/kest/scripts/run_duckdb_silver.sh
[2026-05-24T20:17:20.102+0000] {logging_mixin.py:188} INFO - [2026-05-24T20:17:20.101+0000] {templater.py:93} ERROR - Failed to resolve template field 'bash_command'
Traceback (most recent call last):
  File "/home/airflow/.local/lib/python3.12/site-packages/airflow/template/templater.py", line 91, in resolve_template_files
    setattr(self, field, env.loader.get_source(env, content)[0])  # type: ignore
                         ^^^^^^^^^^^^^^^^^^^^^^^^^^^^^^^^^^^
  File "/home/airflow/.local/lib/python3.12/site-packages/jinja2/loaders.py", line 207, in get_source
    raise TemplateNotFound(template)
jinja2.exceptions.TemplateNotFound: bash /opt/kest/scripts/run_duckdb_gold.sh
[2026-05-24T20:17:20.104+0000] {processor.py:840} INFO - DAG(s) 'kest_example_pipeline' retrieved from /opt/airflow/dags/kest_example_dag.py
[2026-05-24T20:17:20.124+0000] {logging_mixin.py:188} INFO - [2026-05-24T20:17:20.124+0000] {dag.py:3089} INFO - Sync 1 DAGs
[2026-05-24T20:17:20.131+0000] {logging_mixin.py:188} INFO - [2026-05-24T20:17:20.131+0000] {dag.py:3947} INFO - Setting next_dagrun for kest_example_pipeline to None, run_after=None
[2026-05-24T20:17:20.142+0000] {processor.py:183} INFO - Processing /opt/airflow/dags/kest_example_dag.py took 0.052 seconds
[2026-05-24T20:17:50.212+0000] {processor.py:161} INFO - Started process (PID=460) to work on /opt/airflow/dags/kest_example_dag.py
[2026-05-24T20:17:50.212+0000] {processor.py:830} INFO - Processing file /opt/airflow/dags/kest_example_dag.py for tasks to queue
[2026-05-24T20:17:50.213+0000] {logging_mixin.py:188} INFO - [2026-05-24T20:17:50.213+0000] {dagbag.py:545} INFO - Filling up the DagBag from /opt/airflow/dags/kest_example_dag.py
[2026-05-24T20:17:50.219+0000] {logging_mixin.py:188} INFO - [2026-05-24T20:17:50.218+0000] {templater.py:93} ERROR - Failed to resolve template field 'bash_command'
Traceback (most recent call last):
  File "/home/airflow/.local/lib/python3.12/site-packages/airflow/template/templater.py", line 91, in resolve_template_files
    setattr(self, field, env.loader.get_source(env, content)[0])  # type: ignore
                         ^^^^^^^^^^^^^^^^^^^^^^^^^^^^^^^^^^^
  File "/home/airflow/.local/lib/python3.12/site-packages/jinja2/loaders.py", line 207, in get_source
    raise TemplateNotFound(template)
jinja2.exceptions.TemplateNotFound: bash /opt/kest/scripts/run_dlt.sh
[2026-05-24T20:17:50.219+0000] {logging_mixin.py:188} INFO - [2026-05-24T20:17:50.219+0000] {templater.py:93} ERROR - Failed to resolve template field 'bash_command'
Traceback (most recent call last):
  File "/home/airflow/.local/lib/python3.12/site-packages/airflow/template/templater.py", line 91, in resolve_template_files
    setattr(self, field, env.loader.get_source(env, content)[0])  # type: ignore
                         ^^^^^^^^^^^^^^^^^^^^^^^^^^^^^^^^^^^
  File "/home/airflow/.local/lib/python3.12/site-packages/jinja2/loaders.py", line 207, in get_source
    raise TemplateNotFound(template)
jinja2.exceptions.TemplateNotFound: bash /opt/kest/scripts/run_duckdb_silver.sh
[2026-05-24T20:17:50.220+0000] {logging_mixin.py:188} INFO - [2026-05-24T20:17:50.220+0000] {templater.py:93} ERROR - Failed to resolve template field 'bash_command'
Traceback (most recent call last):
  File "/home/airflow/.local/lib/python3.12/site-packages/airflow/template/templater.py", line 91, in resolve_template_files
    setattr(self, field, env.loader.get_source(env, content)[0])  # type: ignore
                         ^^^^^^^^^^^^^^^^^^^^^^^^^^^^^^^^^^^
  File "/home/airflow/.local/lib/python3.12/site-packages/jinja2/loaders.py", line 207, in get_source
    raise TemplateNotFound(template)
jinja2.exceptions.TemplateNotFound: bash /opt/kest/scripts/run_duckdb_gold.sh
[2026-05-24T20:17:50.222+0000] {processor.py:840} INFO - DAG(s) 'kest_example_pipeline' retrieved from /opt/airflow/dags/kest_example_dag.py
[2026-05-24T20:17:50.241+0000] {logging_mixin.py:188} INFO - [2026-05-24T20:17:50.241+0000] {dag.py:3089} INFO - Sync 1 DAGs
[2026-05-24T20:17:50.248+0000] {logging_mixin.py:188} INFO - [2026-05-24T20:17:50.248+0000] {dag.py:3947} INFO - Setting next_dagrun for kest_example_pipeline to None, run_after=None
[2026-05-24T20:17:50.260+0000] {processor.py:183} INFO - Processing /opt/airflow/dags/kest_example_dag.py took 0.052 seconds
[2026-05-24T20:18:20.301+0000] {processor.py:161} INFO - Started process (PID=465) to work on /opt/airflow/dags/kest_example_dag.py
[2026-05-24T20:18:20.301+0000] {processor.py:830} INFO - Processing file /opt/airflow/dags/kest_example_dag.py for tasks to queue
[2026-05-24T20:18:20.303+0000] {logging_mixin.py:188} INFO - [2026-05-24T20:18:20.302+0000] {dagbag.py:545} INFO - Filling up the DagBag from /opt/airflow/dags/kest_example_dag.py
[2026-05-24T20:18:20.309+0000] {logging_mixin.py:188} INFO - [2026-05-24T20:18:20.308+0000] {templater.py:93} ERROR - Failed to resolve template field 'bash_command'
Traceback (most recent call last):
  File "/home/airflow/.local/lib/python3.12/site-packages/airflow/template/templater.py", line 91, in resolve_template_files
    setattr(self, field, env.loader.get_source(env, content)[0])  # type: ignore
                         ^^^^^^^^^^^^^^^^^^^^^^^^^^^^^^^^^^^
  File "/home/airflow/.local/lib/python3.12/site-packages/jinja2/loaders.py", line 207, in get_source
    raise TemplateNotFound(template)
jinja2.exceptions.TemplateNotFound: bash /opt/kest/scripts/run_dlt.sh
[2026-05-24T20:18:20.309+0000] {logging_mixin.py:188} INFO - [2026-05-24T20:18:20.309+0000] {templater.py:93} ERROR - Failed to resolve template field 'bash_command'
Traceback (most recent call last):
  File "/home/airflow/.local/lib/python3.12/site-packages/airflow/template/templater.py", line 91, in resolve_template_files
    setattr(self, field, env.loader.get_source(env, content)[0])  # type: ignore
                         ^^^^^^^^^^^^^^^^^^^^^^^^^^^^^^^^^^^
  File "/home/airflow/.local/lib/python3.12/site-packages/jinja2/loaders.py", line 207, in get_source
    raise TemplateNotFound(template)
jinja2.exceptions.TemplateNotFound: bash /opt/kest/scripts/run_duckdb_silver.sh
[2026-05-24T20:18:20.310+0000] {logging_mixin.py:188} INFO - [2026-05-24T20:18:20.310+0000] {templater.py:93} ERROR - Failed to resolve template field 'bash_command'
Traceback (most recent call last):
  File "/home/airflow/.local/lib/python3.12/site-packages/airflow/template/templater.py", line 91, in resolve_template_files
    setattr(self, field, env.loader.get_source(env, content)[0])  # type: ignore
                         ^^^^^^^^^^^^^^^^^^^^^^^^^^^^^^^^^^^
  File "/home/airflow/.local/lib/python3.12/site-packages/jinja2/loaders.py", line 207, in get_source
    raise TemplateNotFound(template)
jinja2.exceptions.TemplateNotFound: bash /opt/kest/scripts/run_duckdb_gold.sh
[2026-05-24T20:18:20.312+0000] {processor.py:840} INFO - DAG(s) 'kest_example_pipeline' retrieved from /opt/airflow/dags/kest_example_dag.py
[2026-05-24T20:18:20.331+0000] {logging_mixin.py:188} INFO - [2026-05-24T20:18:20.331+0000] {dag.py:3089} INFO - Sync 1 DAGs
[2026-05-24T20:18:20.338+0000] {logging_mixin.py:188} INFO - [2026-05-24T20:18:20.338+0000] {dag.py:3947} INFO - Setting next_dagrun for kest_example_pipeline to None, run_after=None
[2026-05-24T20:18:20.348+0000] {processor.py:183} INFO - Processing /opt/airflow/dags/kest_example_dag.py took 0.051 seconds
[2026-05-24T20:18:50.435+0000] {processor.py:161} INFO - Started process (PID=470) to work on /opt/airflow/dags/kest_example_dag.py
[2026-05-24T20:18:50.435+0000] {processor.py:830} INFO - Processing file /opt/airflow/dags/kest_example_dag.py for tasks to queue
[2026-05-24T20:18:50.437+0000] {logging_mixin.py:188} INFO - [2026-05-24T20:18:50.437+0000] {dagbag.py:545} INFO - Filling up the DagBag from /opt/airflow/dags/kest_example_dag.py
[2026-05-24T20:18:50.442+0000] {logging_mixin.py:188} INFO - [2026-05-24T20:18:50.441+0000] {templater.py:93} ERROR - Failed to resolve template field 'bash_command'
Traceback (most recent call last):
  File "/home/airflow/.local/lib/python3.12/site-packages/airflow/template/templater.py", line 91, in resolve_template_files
    setattr(self, field, env.loader.get_source(env, content)[0])  # type: ignore
                         ^^^^^^^^^^^^^^^^^^^^^^^^^^^^^^^^^^^
  File "/home/airflow/.local/lib/python3.12/site-packages/jinja2/loaders.py", line 207, in get_source
    raise TemplateNotFound(template)
jinja2.exceptions.TemplateNotFound: bash /opt/kest/scripts/run_dlt.sh
[2026-05-24T20:18:50.443+0000] {logging_mixin.py:188} INFO - [2026-05-24T20:18:50.442+0000] {templater.py:93} ERROR - Failed to resolve template field 'bash_command'
Traceback (most recent call last):
  File "/home/airflow/.local/lib/python3.12/site-packages/airflow/template/templater.py", line 91, in resolve_template_files
    setattr(self, field, env.loader.get_source(env, content)[0])  # type: ignore
                         ^^^^^^^^^^^^^^^^^^^^^^^^^^^^^^^^^^^
  File "/home/airflow/.local/lib/python3.12/site-packages/jinja2/loaders.py", line 207, in get_source
    raise TemplateNotFound(template)
jinja2.exceptions.TemplateNotFound: bash /opt/kest/scripts/run_duckdb_silver.sh
[2026-05-24T20:18:50.443+0000] {logging_mixin.py:188} INFO - [2026-05-24T20:18:50.443+0000] {templater.py:93} ERROR - Failed to resolve template field 'bash_command'
Traceback (most recent call last):
  File "/home/airflow/.local/lib/python3.12/site-packages/airflow/template/templater.py", line 91, in resolve_template_files
    setattr(self, field, env.loader.get_source(env, content)[0])  # type: ignore
                         ^^^^^^^^^^^^^^^^^^^^^^^^^^^^^^^^^^^
  File "/home/airflow/.local/lib/python3.12/site-packages/jinja2/loaders.py", line 207, in get_source
    raise TemplateNotFound(template)
jinja2.exceptions.TemplateNotFound: bash /opt/kest/scripts/run_duckdb_gold.sh
[2026-05-24T20:18:50.445+0000] {processor.py:840} INFO - DAG(s) 'kest_example_pipeline' retrieved from /opt/airflow/dags/kest_example_dag.py
[2026-05-24T20:18:50.466+0000] {logging_mixin.py:188} INFO - [2026-05-24T20:18:50.466+0000] {dag.py:3089} INFO - Sync 1 DAGs
[2026-05-24T20:18:50.473+0000] {logging_mixin.py:188} INFO - [2026-05-24T20:18:50.473+0000] {dag.py:3947} INFO - Setting next_dagrun for kest_example_pipeline to None, run_after=None
[2026-05-24T20:18:50.485+0000] {processor.py:183} INFO - Processing /opt/airflow/dags/kest_example_dag.py took 0.054 seconds
[2026-05-24T20:19:15.510+0000] {processor.py:161} INFO - Started process (PID=477) to work on /opt/airflow/dags/kest_example_dag.py
[2026-05-24T20:19:15.511+0000] {processor.py:830} INFO - Processing file /opt/airflow/dags/kest_example_dag.py for tasks to queue
[2026-05-24T20:19:15.512+0000] {logging_mixin.py:188} INFO - [2026-05-24T20:19:15.512+0000] {dagbag.py:545} INFO - Filling up the DagBag from /opt/airflow/dags/kest_example_dag.py
[2026-05-24T20:19:15.520+0000] {logging_mixin.py:188} INFO - [2026-05-24T20:19:15.519+0000] {templater.py:93} ERROR - Failed to resolve template field 'bash_command'
Traceback (most recent call last):
  File "/home/airflow/.local/lib/python3.12/site-packages/airflow/template/templater.py", line 91, in resolve_template_files
    setattr(self, field, env.loader.get_source(env, content)[0])  # type: ignore
                         ^^^^^^^^^^^^^^^^^^^^^^^^^^^^^^^^^^^
  File "/home/airflow/.local/lib/python3.12/site-packages/jinja2/loaders.py", line 207, in get_source
    raise TemplateNotFound(template)
jinja2.exceptions.TemplateNotFound: bash /opt/kest/scripts/run_dlt.sh
[2026-05-24T20:19:15.522+0000] {processor.py:840} INFO - DAG(s) 'kest_example_pipeline' retrieved from /opt/airflow/dags/kest_example_dag.py
[2026-05-24T20:19:15.614+0000] {logging_mixin.py:188} INFO - [2026-05-24T20:19:15.613+0000] {dag.py:3089} INFO - Sync 1 DAGs
[2026-05-24T20:19:15.620+0000] {logging_mixin.py:188} INFO - [2026-05-24T20:19:15.619+0000] {dag.py:3947} INFO - Setting next_dagrun for kest_example_pipeline to None, run_after=None
[2026-05-24T20:19:15.633+0000] {processor.py:183} INFO - Processing /opt/airflow/dags/kest_example_dag.py took 0.128 seconds
[2026-05-24T20:19:45.721+0000] {processor.py:161} INFO - Started process (PID=482) to work on /opt/airflow/dags/kest_example_dag.py
[2026-05-24T20:19:45.722+0000] {processor.py:830} INFO - Processing file /opt/airflow/dags/kest_example_dag.py for tasks to queue
[2026-05-24T20:19:45.724+0000] {logging_mixin.py:188} INFO - [2026-05-24T20:19:45.723+0000] {dagbag.py:545} INFO - Filling up the DagBag from /opt/airflow/dags/kest_example_dag.py
[2026-05-24T20:19:45.730+0000] {logging_mixin.py:188} INFO - [2026-05-24T20:19:45.729+0000] {templater.py:93} ERROR - Failed to resolve template field 'bash_command'
Traceback (most recent call last):
  File "/home/airflow/.local/lib/python3.12/site-packages/airflow/template/templater.py", line 91, in resolve_template_files
    setattr(self, field, env.loader.get_source(env, content)[0])  # type: ignore
                         ^^^^^^^^^^^^^^^^^^^^^^^^^^^^^^^^^^^
  File "/home/airflow/.local/lib/python3.12/site-packages/jinja2/loaders.py", line 207, in get_source
    raise TemplateNotFound(template)
jinja2.exceptions.TemplateNotFound: bash /opt/kest/scripts/run_dlt.sh
[2026-05-24T20:19:45.733+0000] {processor.py:840} INFO - DAG(s) 'kest_example_pipeline' retrieved from /opt/airflow/dags/kest_example_dag.py
[2026-05-24T20:19:45.752+0000] {logging_mixin.py:188} INFO - [2026-05-24T20:19:45.752+0000] {dag.py:3089} INFO - Sync 1 DAGs
[2026-05-24T20:19:45.760+0000] {logging_mixin.py:188} INFO - [2026-05-24T20:19:45.760+0000] {dag.py:3947} INFO - Setting next_dagrun for kest_example_pipeline to None, run_after=None
[2026-05-24T20:19:45.771+0000] {processor.py:183} INFO - Processing /opt/airflow/dags/kest_example_dag.py took 0.054 seconds
[2026-05-24T20:20:15.809+0000] {processor.py:161} INFO - Started process (PID=487) to work on /opt/airflow/dags/kest_example_dag.py
[2026-05-24T20:20:15.810+0000] {processor.py:830} INFO - Processing file /opt/airflow/dags/kest_example_dag.py for tasks to queue
[2026-05-24T20:20:15.811+0000] {logging_mixin.py:188} INFO - [2026-05-24T20:20:15.811+0000] {dagbag.py:545} INFO - Filling up the DagBag from /opt/airflow/dags/kest_example_dag.py
[2026-05-24T20:20:15.817+0000] {logging_mixin.py:188} INFO - [2026-05-24T20:20:15.816+0000] {templater.py:93} ERROR - Failed to resolve template field 'bash_command'
Traceback (most recent call last):
  File "/home/airflow/.local/lib/python3.12/site-packages/airflow/template/templater.py", line 91, in resolve_template_files
    setattr(self, field, env.loader.get_source(env, content)[0])  # type: ignore
                         ^^^^^^^^^^^^^^^^^^^^^^^^^^^^^^^^^^^
  File "/home/airflow/.local/lib/python3.12/site-packages/jinja2/loaders.py", line 207, in get_source
    raise TemplateNotFound(template)
jinja2.exceptions.TemplateNotFound: bash /opt/kest/scripts/run_dlt.sh
[2026-05-24T20:20:15.819+0000] {processor.py:840} INFO - DAG(s) 'kest_example_pipeline' retrieved from /opt/airflow/dags/kest_example_dag.py
[2026-05-24T20:20:15.836+0000] {logging_mixin.py:188} INFO - [2026-05-24T20:20:15.836+0000] {dag.py:3089} INFO - Sync 1 DAGs
[2026-05-24T20:20:15.843+0000] {logging_mixin.py:188} INFO - [2026-05-24T20:20:15.843+0000] {dag.py:3947} INFO - Setting next_dagrun for kest_example_pipeline to None, run_after=None
[2026-05-24T20:20:15.852+0000] {processor.py:183} INFO - Processing /opt/airflow/dags/kest_example_dag.py took 0.047 seconds
[2026-05-24T20:20:16.855+0000] {processor.py:161} INFO - Started process (PID=492) to work on /opt/airflow/dags/kest_example_dag.py
[2026-05-24T20:20:16.855+0000] {processor.py:830} INFO - Processing file /opt/airflow/dags/kest_example_dag.py for tasks to queue
[2026-05-24T20:20:16.856+0000] {logging_mixin.py:188} INFO - [2026-05-24T20:20:16.856+0000] {dagbag.py:545} INFO - Filling up the DagBag from /opt/airflow/dags/kest_example_dag.py
[2026-05-24T20:20:16.862+0000] {logging_mixin.py:188} INFO - [2026-05-24T20:20:16.862+0000] {templater.py:93} ERROR - Failed to resolve template field 'bash_command'
Traceback (most recent call last):
  File "/home/airflow/.local/lib/python3.12/site-packages/airflow/template/templater.py", line 91, in resolve_template_files
    setattr(self, field, env.loader.get_source(env, content)[0])  # type: ignore
                         ^^^^^^^^^^^^^^^^^^^^^^^^^^^^^^^^^^^
  File "/home/airflow/.local/lib/python3.12/site-packages/jinja2/loaders.py", line 207, in get_source
    raise TemplateNotFound(template)
jinja2.exceptions.TemplateNotFound: bash /opt/kest/scripts/run_dlt.sh
[2026-05-24T20:20:16.865+0000] {processor.py:840} INFO - DAG(s) 'kest_example_pipeline' retrieved from /opt/airflow/dags/kest_example_dag.py
[2026-05-24T20:20:16.881+0000] {logging_mixin.py:188} INFO - [2026-05-24T20:20:16.881+0000] {dag.py:3089} INFO - Sync 1 DAGs
[2026-05-24T20:20:16.888+0000] {logging_mixin.py:188} INFO - [2026-05-24T20:20:16.888+0000] {dag.py:3947} INFO - Setting next_dagrun for kest_example_pipeline to None, run_after=None
[2026-05-24T20:20:16.898+0000] {processor.py:183} INFO - Processing /opt/airflow/dags/kest_example_dag.py took 0.046 seconds
[2026-05-24T20:20:40.962+0000] {processor.py:161} INFO - Started process (PID=167) to work on /opt/airflow/dags/kest_example_dag.py
[2026-05-24T20:20:40.962+0000] {processor.py:830} INFO - Processing file /opt/airflow/dags/kest_example_dag.py for tasks to queue
[2026-05-24T20:20:40.963+0000] {logging_mixin.py:188} INFO - [2026-05-24T20:20:40.963+0000] {dagbag.py:545} INFO - Filling up the DagBag from /opt/airflow/dags/kest_example_dag.py
[2026-05-24T20:20:40.975+0000] {logging_mixin.py:188} INFO - [2026-05-24T20:20:40.974+0000] {templater.py:93} ERROR - Failed to resolve template field 'bash_command'
Traceback (most recent call last):
  File "/home/airflow/.local/lib/python3.12/site-packages/airflow/template/templater.py", line 91, in resolve_template_files
    setattr(self, field, env.loader.get_source(env, content)[0])  # type: ignore
                         ^^^^^^^^^^^^^^^^^^^^^^^^^^^^^^^^^^^
  File "/home/airflow/.local/lib/python3.12/site-packages/jinja2/loaders.py", line 207, in get_source
    raise TemplateNotFound(template)
jinja2.exceptions.TemplateNotFound: bash /opt/kest/scripts/run_dlt.sh
[2026-05-24T20:20:40.987+0000] {processor.py:840} INFO - DAG(s) 'kest_example_pipeline' retrieved from /opt/airflow/dags/kest_example_dag.py
[2026-05-24T20:20:41.010+0000] {logging_mixin.py:188} INFO - [2026-05-24T20:20:41.010+0000] {dag.py:3089} INFO - Sync 1 DAGs
[2026-05-24T20:20:41.019+0000] {logging_mixin.py:188} INFO - [2026-05-24T20:20:41.018+0000] {dag.py:3947} INFO - Setting next_dagrun for kest_example_pipeline to None, run_after=None
[2026-05-24T20:20:41.032+0000] {processor.py:183} INFO - Processing /opt/airflow/dags/kest_example_dag.py took 0.074 seconds
[2026-05-24T20:21:11.077+0000] {processor.py:161} INFO - Started process (PID=173) to work on /opt/airflow/dags/kest_example_dag.py
[2026-05-24T20:21:11.078+0000] {processor.py:830} INFO - Processing file /opt/airflow/dags/kest_example_dag.py for tasks to queue
[2026-05-24T20:21:11.079+0000] {logging_mixin.py:188} INFO - [2026-05-24T20:21:11.079+0000] {dagbag.py:545} INFO - Filling up the DagBag from /opt/airflow/dags/kest_example_dag.py
[2026-05-24T20:21:11.085+0000] {logging_mixin.py:188} INFO - [2026-05-24T20:21:11.084+0000] {templater.py:93} ERROR - Failed to resolve template field 'bash_command'
Traceback (most recent call last):
  File "/home/airflow/.local/lib/python3.12/site-packages/airflow/template/templater.py", line 91, in resolve_template_files
    setattr(self, field, env.loader.get_source(env, content)[0])  # type: ignore
                         ^^^^^^^^^^^^^^^^^^^^^^^^^^^^^^^^^^^
  File "/home/airflow/.local/lib/python3.12/site-packages/jinja2/loaders.py", line 207, in get_source
    raise TemplateNotFound(template)
jinja2.exceptions.TemplateNotFound: bash /opt/kest/scripts/run_dlt.sh
[2026-05-24T20:21:11.087+0000] {processor.py:840} INFO - DAG(s) 'kest_example_pipeline' retrieved from /opt/airflow/dags/kest_example_dag.py
[2026-05-24T20:21:11.258+0000] {logging_mixin.py:188} INFO - [2026-05-24T20:21:11.257+0000] {dag.py:3089} INFO - Sync 1 DAGs
[2026-05-24T20:21:11.263+0000] {logging_mixin.py:188} INFO - [2026-05-24T20:21:11.263+0000] {dag.py:3947} INFO - Setting next_dagrun for kest_example_pipeline to None, run_after=None
[2026-05-24T20:21:11.274+0000] {processor.py:183} INFO - Processing /opt/airflow/dags/kest_example_dag.py took 0.200 seconds
[2026-05-24T20:21:41.358+0000] {processor.py:161} INFO - Started process (PID=180) to work on /opt/airflow/dags/kest_example_dag.py
[2026-05-24T20:21:41.359+0000] {processor.py:830} INFO - Processing file /opt/airflow/dags/kest_example_dag.py for tasks to queue
[2026-05-24T20:21:41.360+0000] {logging_mixin.py:188} INFO - [2026-05-24T20:21:41.360+0000] {dagbag.py:545} INFO - Filling up the DagBag from /opt/airflow/dags/kest_example_dag.py
[2026-05-24T20:21:41.366+0000] {logging_mixin.py:188} INFO - [2026-05-24T20:21:41.365+0000] {templater.py:93} ERROR - Failed to resolve template field 'bash_command'
Traceback (most recent call last):
  File "/home/airflow/.local/lib/python3.12/site-packages/airflow/template/templater.py", line 91, in resolve_template_files
    setattr(self, field, env.loader.get_source(env, content)[0])  # type: ignore
                         ^^^^^^^^^^^^^^^^^^^^^^^^^^^^^^^^^^^
  File "/home/airflow/.local/lib/python3.12/site-packages/jinja2/loaders.py", line 207, in get_source
    raise TemplateNotFound(template)
jinja2.exceptions.TemplateNotFound: bash /opt/kest/scripts/run_dlt.sh
[2026-05-24T20:21:41.368+0000] {processor.py:840} INFO - DAG(s) 'kest_example_pipeline' retrieved from /opt/airflow/dags/kest_example_dag.py
[2026-05-24T20:21:41.389+0000] {logging_mixin.py:188} INFO - [2026-05-24T20:21:41.389+0000] {dag.py:3089} INFO - Sync 1 DAGs
[2026-05-24T20:21:41.396+0000] {logging_mixin.py:188} INFO - [2026-05-24T20:21:41.396+0000] {dag.py:3947} INFO - Setting next_dagrun for kest_example_pipeline to None, run_after=None
[2026-05-24T20:21:41.410+0000] {processor.py:183} INFO - Processing /opt/airflow/dags/kest_example_dag.py took 0.055 seconds
[2026-05-24T20:22:11.428+0000] {processor.py:161} INFO - Started process (PID=185) to work on /opt/airflow/dags/kest_example_dag.py
[2026-05-24T20:22:11.429+0000] {processor.py:830} INFO - Processing file /opt/airflow/dags/kest_example_dag.py for tasks to queue
[2026-05-24T20:22:11.430+0000] {logging_mixin.py:188} INFO - [2026-05-24T20:22:11.430+0000] {dagbag.py:545} INFO - Filling up the DagBag from /opt/airflow/dags/kest_example_dag.py
[2026-05-24T20:22:11.435+0000] {logging_mixin.py:188} INFO - [2026-05-24T20:22:11.435+0000] {templater.py:93} ERROR - Failed to resolve template field 'bash_command'
Traceback (most recent call last):
  File "/home/airflow/.local/lib/python3.12/site-packages/airflow/template/templater.py", line 91, in resolve_template_files
    setattr(self, field, env.loader.get_source(env, content)[0])  # type: ignore
                         ^^^^^^^^^^^^^^^^^^^^^^^^^^^^^^^^^^^
  File "/home/airflow/.local/lib/python3.12/site-packages/jinja2/loaders.py", line 207, in get_source
    raise TemplateNotFound(template)
jinja2.exceptions.TemplateNotFound: bash /opt/kest/scripts/run_dlt.sh
[2026-05-24T20:22:11.438+0000] {processor.py:840} INFO - DAG(s) 'kest_example_pipeline' retrieved from /opt/airflow/dags/kest_example_dag.py
[2026-05-24T20:22:11.455+0000] {logging_mixin.py:188} INFO - [2026-05-24T20:22:11.455+0000] {dag.py:3089} INFO - Sync 1 DAGs
[2026-05-24T20:22:11.462+0000] {logging_mixin.py:188} INFO - [2026-05-24T20:22:11.462+0000] {dag.py:3947} INFO - Setting next_dagrun for kest_example_pipeline to None, run_after=None
[2026-05-24T20:22:11.472+0000] {processor.py:183} INFO - Processing /opt/airflow/dags/kest_example_dag.py took 0.047 seconds
[2026-05-24T20:22:41.569+0000] {processor.py:161} INFO - Started process (PID=190) to work on /opt/airflow/dags/kest_example_dag.py
[2026-05-24T20:22:41.570+0000] {processor.py:830} INFO - Processing file /opt/airflow/dags/kest_example_dag.py for tasks to queue
[2026-05-24T20:22:41.571+0000] {logging_mixin.py:188} INFO - [2026-05-24T20:22:41.571+0000] {dagbag.py:545} INFO - Filling up the DagBag from /opt/airflow/dags/kest_example_dag.py
[2026-05-24T20:22:41.576+0000] {logging_mixin.py:188} INFO - [2026-05-24T20:22:41.576+0000] {templater.py:93} ERROR - Failed to resolve template field 'bash_command'
Traceback (most recent call last):
  File "/home/airflow/.local/lib/python3.12/site-packages/airflow/template/templater.py", line 91, in resolve_template_files
    setattr(self, field, env.loader.get_source(env, content)[0])  # type: ignore
                         ^^^^^^^^^^^^^^^^^^^^^^^^^^^^^^^^^^^
  File "/home/airflow/.local/lib/python3.12/site-packages/jinja2/loaders.py", line 207, in get_source
    raise TemplateNotFound(template)
jinja2.exceptions.TemplateNotFound: bash /opt/kest/scripts/run_dlt.sh
[2026-05-24T20:22:41.579+0000] {processor.py:840} INFO - DAG(s) 'kest_example_pipeline' retrieved from /opt/airflow/dags/kest_example_dag.py
[2026-05-24T20:22:41.596+0000] {logging_mixin.py:188} INFO - [2026-05-24T20:22:41.595+0000] {dag.py:3089} INFO - Sync 1 DAGs
[2026-05-24T20:22:41.602+0000] {logging_mixin.py:188} INFO - [2026-05-24T20:22:41.602+0000] {dag.py:3947} INFO - Setting next_dagrun for kest_example_pipeline to None, run_after=None
[2026-05-24T20:22:41.612+0000] {processor.py:183} INFO - Processing /opt/airflow/dags/kest_example_dag.py took 0.046 seconds
[2026-05-24T20:23:11.660+0000] {processor.py:161} INFO - Started process (PID=197) to work on /opt/airflow/dags/kest_example_dag.py
[2026-05-24T20:23:11.661+0000] {processor.py:830} INFO - Processing file /opt/airflow/dags/kest_example_dag.py for tasks to queue
[2026-05-24T20:23:11.662+0000] {logging_mixin.py:188} INFO - [2026-05-24T20:23:11.662+0000] {dagbag.py:545} INFO - Filling up the DagBag from /opt/airflow/dags/kest_example_dag.py
[2026-05-24T20:23:11.668+0000] {logging_mixin.py:188} INFO - [2026-05-24T20:23:11.667+0000] {templater.py:93} ERROR - Failed to resolve template field 'bash_command'
Traceback (most recent call last):
  File "/home/airflow/.local/lib/python3.12/site-packages/airflow/template/templater.py", line 91, in resolve_template_files
    setattr(self, field, env.loader.get_source(env, content)[0])  # type: ignore
                         ^^^^^^^^^^^^^^^^^^^^^^^^^^^^^^^^^^^
  File "/home/airflow/.local/lib/python3.12/site-packages/jinja2/loaders.py", line 207, in get_source
    raise TemplateNotFound(template)
jinja2.exceptions.TemplateNotFound: bash /opt/kest/scripts/run_dlt.sh
[2026-05-24T20:23:11.670+0000] {processor.py:840} INFO - DAG(s) 'kest_example_pipeline' retrieved from /opt/airflow/dags/kest_example_dag.py
[2026-05-24T20:23:11.688+0000] {logging_mixin.py:188} INFO - [2026-05-24T20:23:11.688+0000] {dag.py:3089} INFO - Sync 1 DAGs
[2026-05-24T20:23:11.695+0000] {logging_mixin.py:188} INFO - [2026-05-24T20:23:11.695+0000] {dag.py:3947} INFO - Setting next_dagrun for kest_example_pipeline to None, run_after=None
[2026-05-24T20:23:11.706+0000] {processor.py:183} INFO - Processing /opt/airflow/dags/kest_example_dag.py took 0.049 seconds
[2026-05-24T20:23:41.776+0000] {processor.py:161} INFO - Started process (PID=202) to work on /opt/airflow/dags/kest_example_dag.py
[2026-05-24T20:23:41.777+0000] {processor.py:830} INFO - Processing file /opt/airflow/dags/kest_example_dag.py for tasks to queue
[2026-05-24T20:23:41.778+0000] {logging_mixin.py:188} INFO - [2026-05-24T20:23:41.778+0000] {dagbag.py:545} INFO - Filling up the DagBag from /opt/airflow/dags/kest_example_dag.py
[2026-05-24T20:23:41.783+0000] {logging_mixin.py:188} INFO - [2026-05-24T20:23:41.783+0000] {templater.py:93} ERROR - Failed to resolve template field 'bash_command'
Traceback (most recent call last):
  File "/home/airflow/.local/lib/python3.12/site-packages/airflow/template/templater.py", line 91, in resolve_template_files
    setattr(self, field, env.loader.get_source(env, content)[0])  # type: ignore
                         ^^^^^^^^^^^^^^^^^^^^^^^^^^^^^^^^^^^
  File "/home/airflow/.local/lib/python3.12/site-packages/jinja2/loaders.py", line 207, in get_source
    raise TemplateNotFound(template)
jinja2.exceptions.TemplateNotFound: bash /opt/kest/scripts/run_dlt.sh
[2026-05-24T20:23:41.786+0000] {processor.py:840} INFO - DAG(s) 'kest_example_pipeline' retrieved from /opt/airflow/dags/kest_example_dag.py
[2026-05-24T20:23:41.803+0000] {logging_mixin.py:188} INFO - [2026-05-24T20:23:41.803+0000] {dag.py:3089} INFO - Sync 1 DAGs
[2026-05-24T20:23:41.810+0000] {logging_mixin.py:188} INFO - [2026-05-24T20:23:41.810+0000] {dag.py:3947} INFO - Setting next_dagrun for kest_example_pipeline to None, run_after=None
[2026-05-24T20:23:41.820+0000] {processor.py:183} INFO - Processing /opt/airflow/dags/kest_example_dag.py took 0.048 seconds
[2026-05-24T20:24:11.860+0000] {processor.py:161} INFO - Started process (PID=207) to work on /opt/airflow/dags/kest_example_dag.py
[2026-05-24T20:24:11.860+0000] {processor.py:830} INFO - Processing file /opt/airflow/dags/kest_example_dag.py for tasks to queue
[2026-05-24T20:24:11.861+0000] {logging_mixin.py:188} INFO - [2026-05-24T20:24:11.861+0000] {dagbag.py:545} INFO - Filling up the DagBag from /opt/airflow/dags/kest_example_dag.py
[2026-05-24T20:24:11.867+0000] {logging_mixin.py:188} INFO - [2026-05-24T20:24:11.866+0000] {templater.py:93} ERROR - Failed to resolve template field 'bash_command'
Traceback (most recent call last):
  File "/home/airflow/.local/lib/python3.12/site-packages/airflow/template/templater.py", line 91, in resolve_template_files
    setattr(self, field, env.loader.get_source(env, content)[0])  # type: ignore
                         ^^^^^^^^^^^^^^^^^^^^^^^^^^^^^^^^^^^
  File "/home/airflow/.local/lib/python3.12/site-packages/jinja2/loaders.py", line 207, in get_source
    raise TemplateNotFound(template)
jinja2.exceptions.TemplateNotFound: bash /opt/kest/scripts/run_dlt.sh
[2026-05-24T20:24:11.869+0000] {processor.py:840} INFO - DAG(s) 'kest_example_pipeline' retrieved from /opt/airflow/dags/kest_example_dag.py
[2026-05-24T20:24:11.886+0000] {logging_mixin.py:188} INFO - [2026-05-24T20:24:11.886+0000] {dag.py:3089} INFO - Sync 1 DAGs
[2026-05-24T20:24:11.893+0000] {logging_mixin.py:188} INFO - [2026-05-24T20:24:11.892+0000] {dag.py:3947} INFO - Setting next_dagrun for kest_example_pipeline to None, run_after=None
[2026-05-24T20:24:11.902+0000] {processor.py:183} INFO - Processing /opt/airflow/dags/kest_example_dag.py took 0.046 seconds
[2026-05-24T20:24:41.977+0000] {processor.py:161} INFO - Started process (PID=212) to work on /opt/airflow/dags/kest_example_dag.py
[2026-05-24T20:24:41.977+0000] {processor.py:830} INFO - Processing file /opt/airflow/dags/kest_example_dag.py for tasks to queue
[2026-05-24T20:24:41.978+0000] {logging_mixin.py:188} INFO - [2026-05-24T20:24:41.978+0000] {dagbag.py:545} INFO - Filling up the DagBag from /opt/airflow/dags/kest_example_dag.py
[2026-05-24T20:24:41.983+0000] {logging_mixin.py:188} INFO - [2026-05-24T20:24:41.983+0000] {templater.py:93} ERROR - Failed to resolve template field 'bash_command'
Traceback (most recent call last):
  File "/home/airflow/.local/lib/python3.12/site-packages/airflow/template/templater.py", line 91, in resolve_template_files
    setattr(self, field, env.loader.get_source(env, content)[0])  # type: ignore
                         ^^^^^^^^^^^^^^^^^^^^^^^^^^^^^^^^^^^
  File "/home/airflow/.local/lib/python3.12/site-packages/jinja2/loaders.py", line 207, in get_source
    raise TemplateNotFound(template)
jinja2.exceptions.TemplateNotFound: bash /opt/kest/scripts/run_dlt.sh
[2026-05-24T20:24:41.986+0000] {processor.py:840} INFO - DAG(s) 'kest_example_pipeline' retrieved from /opt/airflow/dags/kest_example_dag.py
[2026-05-24T20:24:42.003+0000] {logging_mixin.py:188} INFO - [2026-05-24T20:24:42.003+0000] {dag.py:3089} INFO - Sync 1 DAGs
[2026-05-24T20:24:42.009+0000] {logging_mixin.py:188} INFO - [2026-05-24T20:24:42.009+0000] {dag.py:3947} INFO - Setting next_dagrun for kest_example_pipeline to None, run_after=None
[2026-05-24T20:24:42.022+0000] {processor.py:183} INFO - Processing /opt/airflow/dags/kest_example_dag.py took 0.049 seconds
[2026-05-24T20:25:12.061+0000] {processor.py:161} INFO - Started process (PID=217) to work on /opt/airflow/dags/kest_example_dag.py
[2026-05-24T20:25:12.062+0000] {processor.py:830} INFO - Processing file /opt/airflow/dags/kest_example_dag.py for tasks to queue
[2026-05-24T20:25:12.063+0000] {logging_mixin.py:188} INFO - [2026-05-24T20:25:12.063+0000] {dagbag.py:545} INFO - Filling up the DagBag from /opt/airflow/dags/kest_example_dag.py
[2026-05-24T20:25:12.069+0000] {logging_mixin.py:188} INFO - [2026-05-24T20:25:12.069+0000] {templater.py:93} ERROR - Failed to resolve template field 'bash_command'
Traceback (most recent call last):
  File "/home/airflow/.local/lib/python3.12/site-packages/airflow/template/templater.py", line 91, in resolve_template_files
    setattr(self, field, env.loader.get_source(env, content)[0])  # type: ignore
                         ^^^^^^^^^^^^^^^^^^^^^^^^^^^^^^^^^^^
  File "/home/airflow/.local/lib/python3.12/site-packages/jinja2/loaders.py", line 207, in get_source
    raise TemplateNotFound(template)
jinja2.exceptions.TemplateNotFound: bash /opt/kest/scripts/run_dlt.sh
[2026-05-24T20:25:12.072+0000] {processor.py:840} INFO - DAG(s) 'kest_example_pipeline' retrieved from /opt/airflow/dags/kest_example_dag.py
[2026-05-24T20:25:12.096+0000] {logging_mixin.py:188} INFO - [2026-05-24T20:25:12.096+0000] {dag.py:3089} INFO - Sync 1 DAGs
[2026-05-24T20:25:12.103+0000] {logging_mixin.py:188} INFO - [2026-05-24T20:25:12.103+0000] {dag.py:3947} INFO - Setting next_dagrun for kest_example_pipeline to None, run_after=None
[2026-05-24T20:25:12.112+0000] {processor.py:183} INFO - Processing /opt/airflow/dags/kest_example_dag.py took 0.054 seconds
[2026-05-24T20:25:42.198+0000] {processor.py:161} INFO - Started process (PID=222) to work on /opt/airflow/dags/kest_example_dag.py
[2026-05-24T20:25:42.199+0000] {processor.py:830} INFO - Processing file /opt/airflow/dags/kest_example_dag.py for tasks to queue
[2026-05-24T20:25:42.200+0000] {logging_mixin.py:188} INFO - [2026-05-24T20:25:42.200+0000] {dagbag.py:545} INFO - Filling up the DagBag from /opt/airflow/dags/kest_example_dag.py
[2026-05-24T20:25:42.206+0000] {logging_mixin.py:188} INFO - [2026-05-24T20:25:42.206+0000] {templater.py:93} ERROR - Failed to resolve template field 'bash_command'
Traceback (most recent call last):
  File "/home/airflow/.local/lib/python3.12/site-packages/airflow/template/templater.py", line 91, in resolve_template_files
    setattr(self, field, env.loader.get_source(env, content)[0])  # type: ignore
                         ^^^^^^^^^^^^^^^^^^^^^^^^^^^^^^^^^^^
  File "/home/airflow/.local/lib/python3.12/site-packages/jinja2/loaders.py", line 207, in get_source
    raise TemplateNotFound(template)
jinja2.exceptions.TemplateNotFound: bash /opt/kest/scripts/run_dlt.sh
[2026-05-24T20:25:42.208+0000] {processor.py:840} INFO - DAG(s) 'kest_example_pipeline' retrieved from /opt/airflow/dags/kest_example_dag.py
[2026-05-24T20:25:42.226+0000] {logging_mixin.py:188} INFO - [2026-05-24T20:25:42.226+0000] {dag.py:3089} INFO - Sync 1 DAGs
[2026-05-24T20:25:42.236+0000] {logging_mixin.py:188} INFO - [2026-05-24T20:25:42.236+0000] {dag.py:3947} INFO - Setting next_dagrun for kest_example_pipeline to None, run_after=None
[2026-05-24T20:25:42.246+0000] {processor.py:183} INFO - Processing /opt/airflow/dags/kest_example_dag.py took 0.052 seconds
[2026-05-24T20:26:12.288+0000] {processor.py:161} INFO - Started process (PID=227) to work on /opt/airflow/dags/kest_example_dag.py
[2026-05-24T20:26:12.289+0000] {processor.py:830} INFO - Processing file /opt/airflow/dags/kest_example_dag.py for tasks to queue
[2026-05-24T20:26:12.290+0000] {logging_mixin.py:188} INFO - [2026-05-24T20:26:12.290+0000] {dagbag.py:545} INFO - Filling up the DagBag from /opt/airflow/dags/kest_example_dag.py
[2026-05-24T20:26:12.296+0000] {logging_mixin.py:188} INFO - [2026-05-24T20:26:12.295+0000] {templater.py:93} ERROR - Failed to resolve template field 'bash_command'
Traceback (most recent call last):
  File "/home/airflow/.local/lib/python3.12/site-packages/airflow/template/templater.py", line 91, in resolve_template_files
    setattr(self, field, env.loader.get_source(env, content)[0])  # type: ignore
                         ^^^^^^^^^^^^^^^^^^^^^^^^^^^^^^^^^^^
  File "/home/airflow/.local/lib/python3.12/site-packages/jinja2/loaders.py", line 207, in get_source
    raise TemplateNotFound(template)
jinja2.exceptions.TemplateNotFound: bash /opt/kest/scripts/run_dlt.sh
[2026-05-24T20:26:12.298+0000] {processor.py:840} INFO - DAG(s) 'kest_example_pipeline' retrieved from /opt/airflow/dags/kest_example_dag.py
[2026-05-24T20:26:12.321+0000] {logging_mixin.py:188} INFO - [2026-05-24T20:26:12.321+0000] {dag.py:3089} INFO - Sync 1 DAGs
[2026-05-24T20:26:12.328+0000] {logging_mixin.py:188} INFO - [2026-05-24T20:26:12.328+0000] {dag.py:3947} INFO - Setting next_dagrun for kest_example_pipeline to None, run_after=None
[2026-05-24T20:26:12.340+0000] {processor.py:183} INFO - Processing /opt/airflow/dags/kest_example_dag.py took 0.056 seconds
[2026-05-24T20:26:23.354+0000] {processor.py:161} INFO - Started process (PID=234) to work on /opt/airflow/dags/kest_example_dag.py
[2026-05-24T20:26:23.354+0000] {processor.py:830} INFO - Processing file /opt/airflow/dags/kest_example_dag.py for tasks to queue
[2026-05-24T20:26:23.355+0000] {logging_mixin.py:188} INFO - [2026-05-24T20:26:23.355+0000] {dagbag.py:545} INFO - Filling up the DagBag from /opt/airflow/dags/kest_example_dag.py
[2026-05-24T20:26:23.360+0000] {processor.py:840} INFO - DAG(s) 'kest_example_pipeline' retrieved from /opt/airflow/dags/kest_example_dag.py
[2026-05-24T20:26:23.421+0000] {logging_mixin.py:188} INFO - [2026-05-24T20:26:23.421+0000] {dag.py:3089} INFO - Sync 1 DAGs
[2026-05-24T20:26:23.427+0000] {logging_mixin.py:188} INFO - [2026-05-24T20:26:23.426+0000] {dag.py:3947} INFO - Setting next_dagrun for kest_example_pipeline to None, run_after=None
[2026-05-24T20:26:23.440+0000] {processor.py:183} INFO - Processing /opt/airflow/dags/kest_example_dag.py took 0.089 seconds
[2026-05-24T20:26:34.416+0000] {processor.py:161} INFO - Started process (PID=239) to work on /opt/airflow/dags/kest_example_dag.py
[2026-05-24T20:26:34.418+0000] {processor.py:830} INFO - Processing file /opt/airflow/dags/kest_example_dag.py for tasks to queue
[2026-05-24T20:26:34.419+0000] {logging_mixin.py:188} INFO - [2026-05-24T20:26:34.419+0000] {dagbag.py:545} INFO - Filling up the DagBag from /opt/airflow/dags/kest_example_dag.py
[2026-05-24T20:26:34.424+0000] {processor.py:840} INFO - DAG(s) 'kest_example_pipeline' retrieved from /opt/airflow/dags/kest_example_dag.py
[2026-05-24T20:26:34.434+0000] {logging_mixin.py:188} INFO - [2026-05-24T20:26:34.433+0000] {dag.py:3089} INFO - Sync 1 DAGs
[2026-05-24T20:26:34.441+0000] {logging_mixin.py:188} INFO - [2026-05-24T20:26:34.441+0000] {dag.py:3947} INFO - Setting next_dagrun for kest_example_pipeline to None, run_after=None
[2026-05-24T20:26:34.455+0000] {processor.py:183} INFO - Processing /opt/airflow/dags/kest_example_dag.py took 0.042 seconds
[2026-05-24T20:27:04.507+0000] {processor.py:161} INFO - Started process (PID=244) to work on /opt/airflow/dags/kest_example_dag.py
[2026-05-24T20:27:04.508+0000] {processor.py:830} INFO - Processing file /opt/airflow/dags/kest_example_dag.py for tasks to queue
[2026-05-24T20:27:04.509+0000] {logging_mixin.py:188} INFO - [2026-05-24T20:27:04.509+0000] {dagbag.py:545} INFO - Filling up the DagBag from /opt/airflow/dags/kest_example_dag.py
[2026-05-24T20:27:04.514+0000] {processor.py:840} INFO - DAG(s) 'kest_example_pipeline' retrieved from /opt/airflow/dags/kest_example_dag.py
[2026-05-24T20:27:04.533+0000] {logging_mixin.py:188} INFO - [2026-05-24T20:27:04.533+0000] {dag.py:3089} INFO - Sync 1 DAGs
[2026-05-24T20:27:04.539+0000] {logging_mixin.py:188} INFO - [2026-05-24T20:27:04.539+0000] {dag.py:3947} INFO - Setting next_dagrun for kest_example_pipeline to None, run_after=None
[2026-05-24T20:27:04.547+0000] {processor.py:183} INFO - Processing /opt/airflow/dags/kest_example_dag.py took 0.044 seconds
[2026-05-24T20:27:29.651+0000] {processor.py:161} INFO - Started process (PID=249) to work on /opt/airflow/dags/kest_example_dag.py
[2026-05-24T20:27:29.651+0000] {processor.py:830} INFO - Processing file /opt/airflow/dags/kest_example_dag.py for tasks to queue
[2026-05-24T20:27:29.652+0000] {logging_mixin.py:188} INFO - [2026-05-24T20:27:29.652+0000] {dagbag.py:545} INFO - Filling up the DagBag from /opt/airflow/dags/kest_example_dag.py
[2026-05-24T20:27:29.662+0000] {processor.py:840} INFO - DAG(s) 'kest_example_pipeline' retrieved from /opt/airflow/dags/kest_example_dag.py
[2026-05-24T20:27:29.730+0000] {logging_mixin.py:188} INFO - [2026-05-24T20:27:29.730+0000] {dag.py:3089} INFO - Sync 1 DAGs
[2026-05-24T20:27:29.736+0000] {logging_mixin.py:188} INFO - [2026-05-24T20:27:29.736+0000] {dag.py:3947} INFO - Setting next_dagrun for kest_example_pipeline to None, run_after=None
[2026-05-24T20:27:29.750+0000] {processor.py:183} INFO - Processing /opt/airflow/dags/kest_example_dag.py took 0.103 seconds
[2026-05-24T20:27:40.686+0000] {processor.py:161} INFO - Started process (PID=254) to work on /opt/airflow/dags/kest_example_dag.py
[2026-05-24T20:27:40.687+0000] {processor.py:830} INFO - Processing file /opt/airflow/dags/kest_example_dag.py for tasks to queue
[2026-05-24T20:27:40.688+0000] {logging_mixin.py:188} INFO - [2026-05-24T20:27:40.688+0000] {dagbag.py:545} INFO - Filling up the DagBag from /opt/airflow/dags/kest_example_dag.py
[2026-05-24T20:27:40.694+0000] {processor.py:840} INFO - DAG(s) 'kest_example_pipeline' retrieved from /opt/airflow/dags/kest_example_dag.py
[2026-05-24T20:27:40.702+0000] {logging_mixin.py:188} INFO - [2026-05-24T20:27:40.702+0000] {dag.py:3089} INFO - Sync 1 DAGs
[2026-05-24T20:27:40.710+0000] {logging_mixin.py:188} INFO - [2026-05-24T20:27:40.710+0000] {dag.py:3947} INFO - Setting next_dagrun for kest_example_pipeline to None, run_after=None
[2026-05-24T20:27:40.719+0000] {processor.py:183} INFO - Processing /opt/airflow/dags/kest_example_dag.py took 0.038 seconds
[2026-05-24T20:28:01.264+0000] {processor.py:161} INFO - Started process (PID=167) to work on /opt/airflow/dags/kest_example_dag.py
[2026-05-24T20:28:01.264+0000] {processor.py:830} INFO - Processing file /opt/airflow/dags/kest_example_dag.py for tasks to queue
[2026-05-24T20:28:01.266+0000] {logging_mixin.py:188} INFO - [2026-05-24T20:28:01.266+0000] {dagbag.py:545} INFO - Filling up the DagBag from /opt/airflow/dags/kest_example_dag.py
[2026-05-24T20:28:01.275+0000] {processor.py:840} INFO - DAG(s) 'kest_example_pipeline' retrieved from /opt/airflow/dags/kest_example_dag.py
[2026-05-24T20:28:01.371+0000] {logging_mixin.py:188} INFO - [2026-05-24T20:28:01.371+0000] {dag.py:3089} INFO - Sync 1 DAGs
[2026-05-24T20:28:01.379+0000] {logging_mixin.py:188} INFO - [2026-05-24T20:28:01.379+0000] {dag.py:3947} INFO - Setting next_dagrun for kest_example_pipeline to None, run_after=None
[2026-05-24T20:28:01.397+0000] {processor.py:183} INFO - Processing /opt/airflow/dags/kest_example_dag.py took 0.138 seconds
[2026-05-24T20:28:31.478+0000] {processor.py:161} INFO - Started process (PID=181) to work on /opt/airflow/dags/kest_example_dag.py
[2026-05-24T20:28:31.480+0000] {processor.py:830} INFO - Processing file /opt/airflow/dags/kest_example_dag.py for tasks to queue
[2026-05-24T20:28:31.481+0000] {logging_mixin.py:188} INFO - [2026-05-24T20:28:31.480+0000] {dagbag.py:545} INFO - Filling up the DagBag from /opt/airflow/dags/kest_example_dag.py
[2026-05-24T20:28:31.487+0000] {processor.py:840} INFO - DAG(s) 'kest_example_pipeline' retrieved from /opt/airflow/dags/kest_example_dag.py
[2026-05-24T20:28:31.508+0000] {logging_mixin.py:188} INFO - [2026-05-24T20:28:31.508+0000] {dag.py:3089} INFO - Sync 1 DAGs
[2026-05-24T20:28:31.515+0000] {logging_mixin.py:188} INFO - [2026-05-24T20:28:31.515+0000] {dag.py:3947} INFO - Setting next_dagrun for kest_example_pipeline to None, run_after=None
[2026-05-24T20:28:31.527+0000] {processor.py:183} INFO - Processing /opt/airflow/dags/kest_example_dag.py took 0.052 seconds
[2026-05-24T20:29:01.562+0000] {processor.py:161} INFO - Started process (PID=186) to work on /opt/airflow/dags/kest_example_dag.py
[2026-05-24T20:29:01.563+0000] {processor.py:830} INFO - Processing file /opt/airflow/dags/kest_example_dag.py for tasks to queue
[2026-05-24T20:29:01.564+0000] {logging_mixin.py:188} INFO - [2026-05-24T20:29:01.563+0000] {dagbag.py:545} INFO - Filling up the DagBag from /opt/airflow/dags/kest_example_dag.py
[2026-05-24T20:29:01.571+0000] {processor.py:840} INFO - DAG(s) 'kest_example_pipeline' retrieved from /opt/airflow/dags/kest_example_dag.py
[2026-05-24T20:29:01.591+0000] {logging_mixin.py:188} INFO - [2026-05-24T20:29:01.590+0000] {dag.py:3089} INFO - Sync 1 DAGs
[2026-05-24T20:29:01.601+0000] {logging_mixin.py:188} INFO - [2026-05-24T20:29:01.601+0000] {dag.py:3947} INFO - Setting next_dagrun for kest_example_pipeline to None, run_after=None
[2026-05-24T20:29:01.611+0000] {processor.py:183} INFO - Processing /opt/airflow/dags/kest_example_dag.py took 0.053 seconds
[2026-05-24T20:29:31.686+0000] {processor.py:161} INFO - Started process (PID=191) to work on /opt/airflow/dags/kest_example_dag.py
[2026-05-24T20:29:31.687+0000] {processor.py:830} INFO - Processing file /opt/airflow/dags/kest_example_dag.py for tasks to queue
[2026-05-24T20:29:31.688+0000] {logging_mixin.py:188} INFO - [2026-05-24T20:29:31.688+0000] {dagbag.py:545} INFO - Filling up the DagBag from /opt/airflow/dags/kest_example_dag.py
[2026-05-24T20:29:31.697+0000] {processor.py:840} INFO - DAG(s) 'kest_example_pipeline' retrieved from /opt/airflow/dags/kest_example_dag.py
[2026-05-24T20:29:31.715+0000] {logging_mixin.py:188} INFO - [2026-05-24T20:29:31.715+0000] {dag.py:3089} INFO - Sync 1 DAGs
[2026-05-24T20:29:31.723+0000] {logging_mixin.py:188} INFO - [2026-05-24T20:29:31.722+0000] {dag.py:3947} INFO - Setting next_dagrun for kest_example_pipeline to None, run_after=None
[2026-05-24T20:29:31.735+0000] {processor.py:183} INFO - Processing /opt/airflow/dags/kest_example_dag.py took 0.052 seconds
[2026-05-24T20:30:01.785+0000] {processor.py:161} INFO - Started process (PID=196) to work on /opt/airflow/dags/kest_example_dag.py
[2026-05-24T20:30:01.786+0000] {processor.py:830} INFO - Processing file /opt/airflow/dags/kest_example_dag.py for tasks to queue
[2026-05-24T20:30:01.787+0000] {logging_mixin.py:188} INFO - [2026-05-24T20:30:01.787+0000] {dagbag.py:545} INFO - Filling up the DagBag from /opt/airflow/dags/kest_example_dag.py
[2026-05-24T20:30:01.794+0000] {processor.py:840} INFO - DAG(s) 'kest_example_pipeline' retrieved from /opt/airflow/dags/kest_example_dag.py
[2026-05-24T20:30:01.815+0000] {logging_mixin.py:188} INFO - [2026-05-24T20:30:01.815+0000] {dag.py:3089} INFO - Sync 1 DAGs
[2026-05-24T20:30:01.825+0000] {logging_mixin.py:188} INFO - [2026-05-24T20:30:01.825+0000] {dag.py:3947} INFO - Setting next_dagrun for kest_example_pipeline to None, run_after=None
[2026-05-24T20:30:01.837+0000] {processor.py:183} INFO - Processing /opt/airflow/dags/kest_example_dag.py took 0.054 seconds
[2026-05-24T20:30:31.911+0000] {processor.py:161} INFO - Started process (PID=201) to work on /opt/airflow/dags/kest_example_dag.py
[2026-05-24T20:30:31.911+0000] {processor.py:830} INFO - Processing file /opt/airflow/dags/kest_example_dag.py for tasks to queue
[2026-05-24T20:30:31.912+0000] {logging_mixin.py:188} INFO - [2026-05-24T20:30:31.912+0000] {dagbag.py:545} INFO - Filling up the DagBag from /opt/airflow/dags/kest_example_dag.py
[2026-05-24T20:30:31.919+0000] {processor.py:840} INFO - DAG(s) 'kest_example_pipeline' retrieved from /opt/airflow/dags/kest_example_dag.py
[2026-05-24T20:30:31.937+0000] {logging_mixin.py:188} INFO - [2026-05-24T20:30:31.937+0000] {dag.py:3089} INFO - Sync 1 DAGs
[2026-05-24T20:30:31.944+0000] {logging_mixin.py:188} INFO - [2026-05-24T20:30:31.944+0000] {dag.py:3947} INFO - Setting next_dagrun for kest_example_pipeline to None, run_after=None
[2026-05-24T20:30:31.956+0000] {processor.py:183} INFO - Processing /opt/airflow/dags/kest_example_dag.py took 0.048 seconds
[2026-05-24T20:30:37.938+0000] {processor.py:161} INFO - Started process (PID=206) to work on /opt/airflow/dags/kest_example_dag.py
[2026-05-24T20:30:37.939+0000] {processor.py:830} INFO - Processing file /opt/airflow/dags/kest_example_dag.py for tasks to queue
[2026-05-24T20:30:37.940+0000] {logging_mixin.py:188} INFO - [2026-05-24T20:30:37.940+0000] {dagbag.py:545} INFO - Filling up the DagBag from /opt/airflow/dags/kest_example_dag.py
[2026-05-24T20:30:37.947+0000] {processor.py:840} INFO - DAG(s) 'kest_example_pipeline' retrieved from /opt/airflow/dags/kest_example_dag.py
[2026-05-24T20:30:37.968+0000] {logging_mixin.py:188} INFO - [2026-05-24T20:30:37.968+0000] {dag.py:3089} INFO - Sync 1 DAGs
[2026-05-24T20:30:37.975+0000] {logging_mixin.py:188} INFO - [2026-05-24T20:30:37.975+0000] {dag.py:3947} INFO - Setting next_dagrun for kest_example_pipeline to None, run_after=None
[2026-05-24T20:30:37.988+0000] {processor.py:183} INFO - Processing /opt/airflow/dags/kest_example_dag.py took 0.053 seconds
[2026-05-24T20:30:57.040+0000] {processor.py:161} INFO - Started process (PID=211) to work on /opt/airflow/dags/kest_example_dag.py
[2026-05-24T20:30:57.041+0000] {processor.py:830} INFO - Processing file /opt/airflow/dags/kest_example_dag.py for tasks to queue
[2026-05-24T20:30:57.042+0000] {logging_mixin.py:188} INFO - [2026-05-24T20:30:57.042+0000] {dagbag.py:545} INFO - Filling up the DagBag from /opt/airflow/dags/kest_example_dag.py
[2026-05-24T20:30:57.051+0000] {processor.py:840} INFO - DAG(s) 'kest_example_pipeline' retrieved from /opt/airflow/dags/kest_example_dag.py
[2026-05-24T20:30:57.071+0000] {logging_mixin.py:188} INFO - [2026-05-24T20:30:57.071+0000] {dag.py:3089} INFO - Sync 1 DAGs
[2026-05-24T20:30:57.078+0000] {logging_mixin.py:188} INFO - [2026-05-24T20:30:57.078+0000] {dag.py:3947} INFO - Setting next_dagrun for kest_example_pipeline to None, run_after=None
[2026-05-24T20:30:57.091+0000] {processor.py:183} INFO - Processing /opt/airflow/dags/kest_example_dag.py took 0.056 seconds
[2026-05-24T20:31:10.439+0000] {processor.py:161} INFO - Started process (PID=167) to work on /opt/airflow/dags/kest_example_dag.py
[2026-05-24T20:31:10.440+0000] {processor.py:830} INFO - Processing file /opt/airflow/dags/kest_example_dag.py for tasks to queue
[2026-05-24T20:31:10.442+0000] {logging_mixin.py:188} INFO - [2026-05-24T20:31:10.441+0000] {dagbag.py:545} INFO - Filling up the DagBag from /opt/airflow/dags/kest_example_dag.py
[2026-05-24T20:31:10.451+0000] {processor.py:840} INFO - DAG(s) 'kest_example_pipeline' retrieved from /opt/airflow/dags/kest_example_dag.py
[2026-05-24T20:31:10.531+0000] {logging_mixin.py:188} INFO - [2026-05-24T20:31:10.530+0000] {dag.py:3089} INFO - Sync 1 DAGs
[2026-05-24T20:31:10.537+0000] {logging_mixin.py:188} INFO - [2026-05-24T20:31:10.537+0000] {dag.py:3947} INFO - Setting next_dagrun for kest_example_pipeline to None, run_after=None
[2026-05-24T20:31:10.552+0000] {processor.py:183} INFO - Processing /opt/airflow/dags/kest_example_dag.py took 0.118 seconds
[2026-05-24T20:31:40.630+0000] {processor.py:161} INFO - Started process (PID=203) to work on /opt/airflow/dags/kest_example_dag.py
[2026-05-24T20:31:40.631+0000] {processor.py:830} INFO - Processing file /opt/airflow/dags/kest_example_dag.py for tasks to queue
[2026-05-24T20:31:40.632+0000] {logging_mixin.py:188} INFO - [2026-05-24T20:31:40.632+0000] {dagbag.py:545} INFO - Filling up the DagBag from /opt/airflow/dags/kest_example_dag.py
[2026-05-24T20:31:40.640+0000] {processor.py:840} INFO - DAG(s) 'kest_example_pipeline' retrieved from /opt/airflow/dags/kest_example_dag.py
[2026-05-24T20:31:40.662+0000] {logging_mixin.py:188} INFO - [2026-05-24T20:31:40.662+0000] {dag.py:3089} INFO - Sync 1 DAGs
[2026-05-24T20:31:40.669+0000] {logging_mixin.py:188} INFO - [2026-05-24T20:31:40.669+0000] {dag.py:3947} INFO - Setting next_dagrun for kest_example_pipeline to None, run_after=None
[2026-05-24T20:31:40.685+0000] {processor.py:183} INFO - Processing /opt/airflow/dags/kest_example_dag.py took 0.058 seconds
[2026-05-24T20:32:10.716+0000] {processor.py:161} INFO - Started process (PID=208) to work on /opt/airflow/dags/kest_example_dag.py
[2026-05-24T20:32:10.717+0000] {processor.py:830} INFO - Processing file /opt/airflow/dags/kest_example_dag.py for tasks to queue
[2026-05-24T20:32:10.718+0000] {logging_mixin.py:188} INFO - [2026-05-24T20:32:10.718+0000] {dagbag.py:545} INFO - Filling up the DagBag from /opt/airflow/dags/kest_example_dag.py
[2026-05-24T20:32:10.729+0000] {processor.py:840} INFO - DAG(s) 'kest_example_pipeline' retrieved from /opt/airflow/dags/kest_example_dag.py
[2026-05-24T20:32:10.747+0000] {logging_mixin.py:188} INFO - [2026-05-24T20:32:10.746+0000] {dag.py:3089} INFO - Sync 1 DAGs
[2026-05-24T20:32:10.753+0000] {logging_mixin.py:188} INFO - [2026-05-24T20:32:10.753+0000] {dag.py:3947} INFO - Setting next_dagrun for kest_example_pipeline to None, run_after=None
[2026-05-24T20:32:10.764+0000] {processor.py:183} INFO - Processing /opt/airflow/dags/kest_example_dag.py took 0.052 seconds
[2026-05-24T20:32:40.853+0000] {processor.py:161} INFO - Started process (PID=213) to work on /opt/airflow/dags/kest_example_dag.py
[2026-05-24T20:32:40.853+0000] {processor.py:830} INFO - Processing file /opt/airflow/dags/kest_example_dag.py for tasks to queue
[2026-05-24T20:32:40.854+0000] {logging_mixin.py:188} INFO - [2026-05-24T20:32:40.854+0000] {dagbag.py:545} INFO - Filling up the DagBag from /opt/airflow/dags/kest_example_dag.py
[2026-05-24T20:32:40.861+0000] {processor.py:840} INFO - DAG(s) 'kest_example_pipeline' retrieved from /opt/airflow/dags/kest_example_dag.py
[2026-05-24T20:32:40.882+0000] {logging_mixin.py:188} INFO - [2026-05-24T20:32:40.882+0000] {dag.py:3089} INFO - Sync 1 DAGs
[2026-05-24T20:32:40.888+0000] {logging_mixin.py:188} INFO - [2026-05-24T20:32:40.888+0000] {dag.py:3947} INFO - Setting next_dagrun for kest_example_pipeline to None, run_after=None
[2026-05-24T20:32:40.901+0000] {processor.py:183} INFO - Processing /opt/airflow/dags/kest_example_dag.py took 0.050 seconds
[2026-05-24T20:33:10.947+0000] {processor.py:161} INFO - Started process (PID=218) to work on /opt/airflow/dags/kest_example_dag.py
[2026-05-24T20:33:10.947+0000] {processor.py:830} INFO - Processing file /opt/airflow/dags/kest_example_dag.py for tasks to queue
[2026-05-24T20:33:10.948+0000] {logging_mixin.py:188} INFO - [2026-05-24T20:33:10.948+0000] {dagbag.py:545} INFO - Filling up the DagBag from /opt/airflow/dags/kest_example_dag.py
[2026-05-24T20:33:10.955+0000] {processor.py:840} INFO - DAG(s) 'kest_example_pipeline' retrieved from /opt/airflow/dags/kest_example_dag.py
[2026-05-24T20:33:10.974+0000] {logging_mixin.py:188} INFO - [2026-05-24T20:33:10.974+0000] {dag.py:3089} INFO - Sync 1 DAGs
[2026-05-24T20:33:10.981+0000] {logging_mixin.py:188} INFO - [2026-05-24T20:33:10.981+0000] {dag.py:3947} INFO - Setting next_dagrun for kest_example_pipeline to None, run_after=None
[2026-05-24T20:33:10.992+0000] {processor.py:183} INFO - Processing /opt/airflow/dags/kest_example_dag.py took 0.048 seconds
[2026-05-24T20:33:31.785+0000] {processor.py:161} INFO - Started process (PID=167) to work on /opt/airflow/dags/kest_example_dag.py
[2026-05-24T20:33:31.786+0000] {processor.py:830} INFO - Processing file /opt/airflow/dags/kest_example_dag.py for tasks to queue
[2026-05-24T20:33:31.787+0000] {logging_mixin.py:188} INFO - [2026-05-24T20:33:31.787+0000] {dagbag.py:545} INFO - Filling up the DagBag from /opt/airflow/dags/kest_example_dag.py
[2026-05-24T20:33:31.801+0000] {processor.py:840} INFO - DAG(s) 'kest_example_pipeline' retrieved from /opt/airflow/dags/kest_example_dag.py
[2026-05-24T20:33:31.823+0000] {logging_mixin.py:188} INFO - [2026-05-24T20:33:31.823+0000] {dag.py:3089} INFO - Sync 1 DAGs
[2026-05-24T20:33:31.832+0000] {logging_mixin.py:188} INFO - [2026-05-24T20:33:31.832+0000] {dag.py:3947} INFO - Setting next_dagrun for kest_example_pipeline to None, run_after=None
[2026-05-24T20:33:31.849+0000] {processor.py:183} INFO - Processing /opt/airflow/dags/kest_example_dag.py took 0.068 seconds
[2026-05-24T20:34:01.896+0000] {processor.py:161} INFO - Started process (PID=205) to work on /opt/airflow/dags/kest_example_dag.py
[2026-05-24T20:34:01.897+0000] {processor.py:830} INFO - Processing file /opt/airflow/dags/kest_example_dag.py for tasks to queue
[2026-05-24T20:34:01.898+0000] {logging_mixin.py:188} INFO - [2026-05-24T20:34:01.898+0000] {dagbag.py:545} INFO - Filling up the DagBag from /opt/airflow/dags/kest_example_dag.py
[2026-05-24T20:34:01.906+0000] {processor.py:840} INFO - DAG(s) 'kest_example_pipeline' retrieved from /opt/airflow/dags/kest_example_dag.py
[2026-05-24T20:34:02.066+0000] {logging_mixin.py:188} INFO - [2026-05-24T20:34:02.066+0000] {dag.py:3089} INFO - Sync 1 DAGs
[2026-05-24T20:34:02.073+0000] {logging_mixin.py:188} INFO - [2026-05-24T20:34:02.073+0000] {dag.py:3947} INFO - Setting next_dagrun for kest_example_pipeline to None, run_after=None
[2026-05-24T20:34:02.087+0000] {processor.py:183} INFO - Processing /opt/airflow/dags/kest_example_dag.py took 0.195 seconds
[2026-05-24T20:34:32.174+0000] {processor.py:161} INFO - Started process (PID=210) to work on /opt/airflow/dags/kest_example_dag.py
[2026-05-24T20:34:32.175+0000] {processor.py:830} INFO - Processing file /opt/airflow/dags/kest_example_dag.py for tasks to queue
[2026-05-24T20:34:32.176+0000] {logging_mixin.py:188} INFO - [2026-05-24T20:34:32.176+0000] {dagbag.py:545} INFO - Filling up the DagBag from /opt/airflow/dags/kest_example_dag.py
[2026-05-24T20:34:32.183+0000] {processor.py:840} INFO - DAG(s) 'kest_example_pipeline' retrieved from /opt/airflow/dags/kest_example_dag.py
[2026-05-24T20:34:32.205+0000] {logging_mixin.py:188} INFO - [2026-05-24T20:34:32.205+0000] {dag.py:3089} INFO - Sync 1 DAGs
[2026-05-24T20:34:32.211+0000] {logging_mixin.py:188} INFO - [2026-05-24T20:34:32.211+0000] {dag.py:3947} INFO - Setting next_dagrun for kest_example_pipeline to None, run_after=None
[2026-05-24T20:34:32.222+0000] {processor.py:183} INFO - Processing /opt/airflow/dags/kest_example_dag.py took 0.051 seconds
[2026-05-24T20:35:02.257+0000] {processor.py:161} INFO - Started process (PID=215) to work on /opt/airflow/dags/kest_example_dag.py
[2026-05-24T20:35:02.258+0000] {processor.py:830} INFO - Processing file /opt/airflow/dags/kest_example_dag.py for tasks to queue
[2026-05-24T20:35:02.259+0000] {logging_mixin.py:188} INFO - [2026-05-24T20:35:02.259+0000] {dagbag.py:545} INFO - Filling up the DagBag from /opt/airflow/dags/kest_example_dag.py
[2026-05-24T20:35:02.268+0000] {processor.py:840} INFO - DAG(s) 'kest_example_pipeline' retrieved from /opt/airflow/dags/kest_example_dag.py
[2026-05-24T20:35:02.290+0000] {logging_mixin.py:188} INFO - [2026-05-24T20:35:02.290+0000] {dag.py:3089} INFO - Sync 1 DAGs
[2026-05-24T20:35:02.302+0000] {logging_mixin.py:188} INFO - [2026-05-24T20:35:02.301+0000] {dag.py:3947} INFO - Setting next_dagrun for kest_example_pipeline to None, run_after=None
[2026-05-24T20:35:02.314+0000] {processor.py:183} INFO - Processing /opt/airflow/dags/kest_example_dag.py took 0.060 seconds
[2026-05-24T20:35:32.386+0000] {processor.py:161} INFO - Started process (PID=252) to work on /opt/airflow/dags/kest_example_dag.py
[2026-05-24T20:35:32.387+0000] {processor.py:830} INFO - Processing file /opt/airflow/dags/kest_example_dag.py for tasks to queue
[2026-05-24T20:35:32.388+0000] {logging_mixin.py:188} INFO - [2026-05-24T20:35:32.388+0000] {dagbag.py:545} INFO - Filling up the DagBag from /opt/airflow/dags/kest_example_dag.py
[2026-05-24T20:35:32.395+0000] {processor.py:840} INFO - DAG(s) 'kest_example_pipeline' retrieved from /opt/airflow/dags/kest_example_dag.py
[2026-05-24T20:35:32.414+0000] {logging_mixin.py:188} INFO - [2026-05-24T20:35:32.413+0000] {dag.py:3089} INFO - Sync 1 DAGs
[2026-05-24T20:35:32.420+0000] {logging_mixin.py:188} INFO - [2026-05-24T20:35:32.420+0000] {dag.py:3947} INFO - Setting next_dagrun for kest_example_pipeline to None, run_after=None
[2026-05-24T20:35:32.432+0000] {processor.py:183} INFO - Processing /opt/airflow/dags/kest_example_dag.py took 0.048 seconds
[2026-05-24T20:36:02.480+0000] {processor.py:161} INFO - Started process (PID=257) to work on /opt/airflow/dags/kest_example_dag.py
[2026-05-24T20:36:02.480+0000] {processor.py:830} INFO - Processing file /opt/airflow/dags/kest_example_dag.py for tasks to queue
[2026-05-24T20:36:02.481+0000] {logging_mixin.py:188} INFO - [2026-05-24T20:36:02.481+0000] {dagbag.py:545} INFO - Filling up the DagBag from /opt/airflow/dags/kest_example_dag.py
[2026-05-24T20:36:02.489+0000] {processor.py:840} INFO - DAG(s) 'kest_example_pipeline' retrieved from /opt/airflow/dags/kest_example_dag.py
[2026-05-24T20:36:02.506+0000] {logging_mixin.py:188} INFO - [2026-05-24T20:36:02.506+0000] {dag.py:3089} INFO - Sync 1 DAGs
[2026-05-24T20:36:02.513+0000] {logging_mixin.py:188} INFO - [2026-05-24T20:36:02.513+0000] {dag.py:3947} INFO - Setting next_dagrun for kest_example_pipeline to None, run_after=None
[2026-05-24T20:36:02.523+0000] {processor.py:183} INFO - Processing /opt/airflow/dags/kest_example_dag.py took 0.047 seconds
[2026-05-24T20:36:23.669+0000] {processor.py:161} INFO - Started process (PID=167) to work on /opt/airflow/dags/kest_example_dag.py
[2026-05-24T20:36:23.670+0000] {processor.py:830} INFO - Processing file /opt/airflow/dags/kest_example_dag.py for tasks to queue
[2026-05-24T20:36:23.671+0000] {logging_mixin.py:188} INFO - [2026-05-24T20:36:23.671+0000] {dagbag.py:545} INFO - Filling up the DagBag from /opt/airflow/dags/kest_example_dag.py
[2026-05-24T20:36:23.684+0000] {processor.py:840} INFO - DAG(s) 'kest_example_pipeline' retrieved from /opt/airflow/dags/kest_example_dag.py
[2026-05-24T20:36:23.777+0000] {logging_mixin.py:188} INFO - [2026-05-24T20:36:23.777+0000] {dag.py:3089} INFO - Sync 1 DAGs
[2026-05-24T20:36:23.784+0000] {logging_mixin.py:188} INFO - [2026-05-24T20:36:23.784+0000] {dag.py:3947} INFO - Setting next_dagrun for kest_example_pipeline to None, run_after=None
[2026-05-24T20:36:23.798+0000] {processor.py:183} INFO - Processing /opt/airflow/dags/kest_example_dag.py took 0.135 seconds
[2026-05-24T20:36:53.892+0000] {processor.py:161} INFO - Started process (PID=205) to work on /opt/airflow/dags/kest_example_dag.py
[2026-05-24T20:36:53.893+0000] {processor.py:830} INFO - Processing file /opt/airflow/dags/kest_example_dag.py for tasks to queue
[2026-05-24T20:36:53.894+0000] {logging_mixin.py:188} INFO - [2026-05-24T20:36:53.894+0000] {dagbag.py:545} INFO - Filling up the DagBag from /opt/airflow/dags/kest_example_dag.py
[2026-05-24T20:36:53.902+0000] {processor.py:840} INFO - DAG(s) 'kest_example_pipeline' retrieved from /opt/airflow/dags/kest_example_dag.py
[2026-05-24T20:36:53.926+0000] {logging_mixin.py:188} INFO - [2026-05-24T20:36:53.925+0000] {dag.py:3089} INFO - Sync 1 DAGs
[2026-05-24T20:36:53.934+0000] {logging_mixin.py:188} INFO - [2026-05-24T20:36:53.934+0000] {dag.py:3947} INFO - Setting next_dagrun for kest_example_pipeline to None, run_after=None
[2026-05-24T20:36:53.950+0000] {processor.py:183} INFO - Processing /opt/airflow/dags/kest_example_dag.py took 0.062 seconds
[2026-05-24T20:37:23.984+0000] {processor.py:161} INFO - Started process (PID=242) to work on /opt/airflow/dags/kest_example_dag.py
[2026-05-24T20:37:23.984+0000] {processor.py:830} INFO - Processing file /opt/airflow/dags/kest_example_dag.py for tasks to queue
[2026-05-24T20:37:23.985+0000] {logging_mixin.py:188} INFO - [2026-05-24T20:37:23.985+0000] {dagbag.py:545} INFO - Filling up the DagBag from /opt/airflow/dags/kest_example_dag.py
[2026-05-24T20:37:23.994+0000] {processor.py:840} INFO - DAG(s) 'kest_example_pipeline' retrieved from /opt/airflow/dags/kest_example_dag.py
[2026-05-24T20:37:24.026+0000] {logging_mixin.py:188} INFO - [2026-05-24T20:37:24.025+0000] {dag.py:3089} INFO - Sync 1 DAGs
[2026-05-24T20:37:24.035+0000] {logging_mixin.py:188} INFO - [2026-05-24T20:37:24.035+0000] {dag.py:3947} INFO - Setting next_dagrun for kest_example_pipeline to None, run_after=None
[2026-05-24T20:37:24.052+0000] {processor.py:183} INFO - Processing /opt/airflow/dags/kest_example_dag.py took 0.072 seconds
[2026-05-24T20:37:54.109+0000] {processor.py:161} INFO - Started process (PID=247) to work on /opt/airflow/dags/kest_example_dag.py
[2026-05-24T20:37:54.109+0000] {processor.py:830} INFO - Processing file /opt/airflow/dags/kest_example_dag.py for tasks to queue
[2026-05-24T20:37:54.110+0000] {logging_mixin.py:188} INFO - [2026-05-24T20:37:54.110+0000] {dagbag.py:545} INFO - Filling up the DagBag from /opt/airflow/dags/kest_example_dag.py
[2026-05-24T20:37:54.117+0000] {processor.py:840} INFO - DAG(s) 'kest_example_pipeline' retrieved from /opt/airflow/dags/kest_example_dag.py
[2026-05-24T20:37:54.137+0000] {logging_mixin.py:188} INFO - [2026-05-24T20:37:54.137+0000] {dag.py:3089} INFO - Sync 1 DAGs
[2026-05-24T20:37:54.145+0000] {logging_mixin.py:188} INFO - [2026-05-24T20:37:54.144+0000] {dag.py:3947} INFO - Setting next_dagrun for kest_example_pipeline to None, run_after=None
[2026-05-24T20:37:54.157+0000] {processor.py:183} INFO - Processing /opt/airflow/dags/kest_example_dag.py took 0.051 seconds
[2026-05-24T20:38:06.672+0000] {processor.py:161} INFO - Started process (PID=167) to work on /opt/airflow/dags/kest_example_dag.py
[2026-05-24T20:38:06.673+0000] {processor.py:830} INFO - Processing file /opt/airflow/dags/kest_example_dag.py for tasks to queue
[2026-05-24T20:38:06.675+0000] {logging_mixin.py:188} INFO - [2026-05-24T20:38:06.674+0000] {dagbag.py:545} INFO - Filling up the DagBag from /opt/airflow/dags/kest_example_dag.py
[2026-05-24T20:38:06.685+0000] {processor.py:840} INFO - DAG(s) 'kest_example_pipeline' retrieved from /opt/airflow/dags/kest_example_dag.py
[2026-05-24T20:38:06.791+0000] {logging_mixin.py:188} INFO - [2026-05-24T20:38:06.791+0000] {dag.py:3089} INFO - Sync 1 DAGs
[2026-05-24T20:38:06.799+0000] {logging_mixin.py:188} INFO - [2026-05-24T20:38:06.799+0000] {dag.py:3947} INFO - Setting next_dagrun for kest_example_pipeline to None, run_after=None
[2026-05-24T20:38:06.815+0000] {processor.py:183} INFO - Processing /opt/airflow/dags/kest_example_dag.py took 0.147 seconds
[2026-05-24T20:38:36.898+0000] {processor.py:161} INFO - Started process (PID=233) to work on /opt/airflow/dags/kest_example_dag.py
[2026-05-24T20:38:36.899+0000] {processor.py:830} INFO - Processing file /opt/airflow/dags/kest_example_dag.py for tasks to queue
[2026-05-24T20:38:36.900+0000] {logging_mixin.py:188} INFO - [2026-05-24T20:38:36.900+0000] {dagbag.py:545} INFO - Filling up the DagBag from /opt/airflow/dags/kest_example_dag.py
[2026-05-24T20:38:36.907+0000] {processor.py:840} INFO - DAG(s) 'kest_example_pipeline' retrieved from /opt/airflow/dags/kest_example_dag.py
[2026-05-24T20:38:36.929+0000] {logging_mixin.py:188} INFO - [2026-05-24T20:38:36.929+0000] {dag.py:3089} INFO - Sync 1 DAGs
[2026-05-24T20:38:36.936+0000] {logging_mixin.py:188} INFO - [2026-05-24T20:38:36.936+0000] {dag.py:3947} INFO - Setting next_dagrun for kest_example_pipeline to None, run_after=None
[2026-05-24T20:38:36.948+0000] {processor.py:183} INFO - Processing /opt/airflow/dags/kest_example_dag.py took 0.055 seconds
[2026-05-24T20:39:06.989+0000] {processor.py:161} INFO - Started process (PID=238) to work on /opt/airflow/dags/kest_example_dag.py
[2026-05-24T20:39:06.989+0000] {processor.py:830} INFO - Processing file /opt/airflow/dags/kest_example_dag.py for tasks to queue
[2026-05-24T20:39:06.990+0000] {logging_mixin.py:188} INFO - [2026-05-24T20:39:06.990+0000] {dagbag.py:545} INFO - Filling up the DagBag from /opt/airflow/dags/kest_example_dag.py
[2026-05-24T20:39:06.997+0000] {processor.py:840} INFO - DAG(s) 'kest_example_pipeline' retrieved from /opt/airflow/dags/kest_example_dag.py
[2026-05-24T20:39:07.017+0000] {logging_mixin.py:188} INFO - [2026-05-24T20:39:07.017+0000] {dag.py:3089} INFO - Sync 1 DAGs
[2026-05-24T20:39:07.024+0000] {logging_mixin.py:188} INFO - [2026-05-24T20:39:07.024+0000] {dag.py:3947} INFO - Setting next_dagrun for kest_example_pipeline to None, run_after=None
[2026-05-24T20:39:07.035+0000] {processor.py:183} INFO - Processing /opt/airflow/dags/kest_example_dag.py took 0.050 seconds
[2026-05-24T20:39:37.109+0000] {processor.py:161} INFO - Started process (PID=243) to work on /opt/airflow/dags/kest_example_dag.py
[2026-05-24T20:39:37.112+0000] {processor.py:830} INFO - Processing file /opt/airflow/dags/kest_example_dag.py for tasks to queue
[2026-05-24T20:39:37.113+0000] {logging_mixin.py:188} INFO - [2026-05-24T20:39:37.113+0000] {dagbag.py:545} INFO - Filling up the DagBag from /opt/airflow/dags/kest_example_dag.py
[2026-05-24T20:39:37.120+0000] {processor.py:840} INFO - DAG(s) 'kest_example_pipeline' retrieved from /opt/airflow/dags/kest_example_dag.py
[2026-05-24T20:39:37.138+0000] {logging_mixin.py:188} INFO - [2026-05-24T20:39:37.138+0000] {dag.py:3089} INFO - Sync 1 DAGs
[2026-05-24T20:39:37.145+0000] {logging_mixin.py:188} INFO - [2026-05-24T20:39:37.145+0000] {dag.py:3947} INFO - Setting next_dagrun for kest_example_pipeline to None, run_after=None
[2026-05-24T20:39:37.156+0000] {processor.py:183} INFO - Processing /opt/airflow/dags/kest_example_dag.py took 0.051 seconds
[2026-05-24T20:39:57.502+0000] {processor.py:161} INFO - Started process (PID=167) to work on /opt/airflow/dags/kest_example_dag.py
[2026-05-24T20:39:57.502+0000] {processor.py:830} INFO - Processing file /opt/airflow/dags/kest_example_dag.py for tasks to queue
[2026-05-24T20:39:57.503+0000] {logging_mixin.py:188} INFO - [2026-05-24T20:39:57.503+0000] {dagbag.py:545} INFO - Filling up the DagBag from /opt/airflow/dags/kest_example_dag.py
[2026-05-24T20:39:57.510+0000] {processor.py:840} INFO - DAG(s) 'kest_example_pipeline' retrieved from /opt/airflow/dags/kest_example_dag.py
[2026-05-24T20:39:57.597+0000] {logging_mixin.py:188} INFO - [2026-05-24T20:39:57.597+0000] {dag.py:3089} INFO - Sync 1 DAGs
[2026-05-24T20:39:57.603+0000] {logging_mixin.py:188} INFO - [2026-05-24T20:39:57.602+0000] {dag.py:3947} INFO - Setting next_dagrun for kest_example_pipeline to None, run_after=None
[2026-05-24T20:39:57.612+0000] {processor.py:183} INFO - Processing /opt/airflow/dags/kest_example_dag.py took 0.115 seconds
[2026-05-24T20:40:27.696+0000] {processor.py:161} INFO - Started process (PID=293) to work on /opt/airflow/dags/kest_example_dag.py
[2026-05-24T20:40:27.697+0000] {processor.py:830} INFO - Processing file /opt/airflow/dags/kest_example_dag.py for tasks to queue
[2026-05-24T20:40:27.698+0000] {logging_mixin.py:188} INFO - [2026-05-24T20:40:27.697+0000] {dagbag.py:545} INFO - Filling up the DagBag from /opt/airflow/dags/kest_example_dag.py
[2026-05-24T20:40:27.704+0000] {processor.py:840} INFO - DAG(s) 'kest_example_pipeline' retrieved from /opt/airflow/dags/kest_example_dag.py
[2026-05-24T20:40:27.727+0000] {logging_mixin.py:188} INFO - [2026-05-24T20:40:27.727+0000] {dag.py:3089} INFO - Sync 1 DAGs
[2026-05-24T20:40:27.735+0000] {logging_mixin.py:188} INFO - [2026-05-24T20:40:27.734+0000] {dag.py:3947} INFO - Setting next_dagrun for kest_example_pipeline to None, run_after=None
[2026-05-24T20:40:27.746+0000] {processor.py:183} INFO - Processing /opt/airflow/dags/kest_example_dag.py took 0.054 seconds
[2026-05-24T20:40:57.786+0000] {processor.py:161} INFO - Started process (PID=298) to work on /opt/airflow/dags/kest_example_dag.py
[2026-05-24T20:40:57.787+0000] {processor.py:830} INFO - Processing file /opt/airflow/dags/kest_example_dag.py for tasks to queue
[2026-05-24T20:40:57.788+0000] {logging_mixin.py:188} INFO - [2026-05-24T20:40:57.787+0000] {dagbag.py:545} INFO - Filling up the DagBag from /opt/airflow/dags/kest_example_dag.py
[2026-05-24T20:40:57.796+0000] {processor.py:840} INFO - DAG(s) 'kest_example_pipeline' retrieved from /opt/airflow/dags/kest_example_dag.py
[2026-05-24T20:40:57.821+0000] {logging_mixin.py:188} INFO - [2026-05-24T20:40:57.820+0000] {dag.py:3089} INFO - Sync 1 DAGs
[2026-05-24T20:40:57.831+0000] {logging_mixin.py:188} INFO - [2026-05-24T20:40:57.830+0000] {dag.py:3947} INFO - Setting next_dagrun for kest_example_pipeline to None, run_after=None
[2026-05-24T20:40:57.844+0000] {processor.py:183} INFO - Processing /opt/airflow/dags/kest_example_dag.py took 0.061 seconds
[2026-05-24T20:41:34.411+0000] {processor.py:161} INFO - Started process (PID=167) to work on /opt/airflow/dags/kest_example_dag.py
[2026-05-24T20:41:34.412+0000] {processor.py:830} INFO - Processing file /opt/airflow/dags/kest_example_dag.py for tasks to queue
[2026-05-24T20:41:34.413+0000] {logging_mixin.py:188} INFO - [2026-05-24T20:41:34.413+0000] {dagbag.py:545} INFO - Filling up the DagBag from /opt/airflow/dags/kest_example_dag.py
[2026-05-24T20:41:34.421+0000] {processor.py:840} INFO - DAG(s) 'kest_example_pipeline' retrieved from /opt/airflow/dags/kest_example_dag.py
[2026-05-24T20:41:34.503+0000] {logging_mixin.py:188} INFO - [2026-05-24T20:41:34.503+0000] {dag.py:3089} INFO - Sync 1 DAGs
[2026-05-24T20:41:34.509+0000] {logging_mixin.py:188} INFO - [2026-05-24T20:41:34.509+0000] {dag.py:3947} INFO - Setting next_dagrun for kest_example_pipeline to None, run_after=None
[2026-05-24T20:41:34.520+0000] {processor.py:183} INFO - Processing /opt/airflow/dags/kest_example_dag.py took 0.113 seconds
[2026-05-24T20:42:04.605+0000] {processor.py:161} INFO - Started process (PID=173) to work on /opt/airflow/dags/kest_example_dag.py
[2026-05-24T20:42:04.605+0000] {processor.py:830} INFO - Processing file /opt/airflow/dags/kest_example_dag.py for tasks to queue
[2026-05-24T20:42:04.606+0000] {logging_mixin.py:188} INFO - [2026-05-24T20:42:04.606+0000] {dagbag.py:545} INFO - Filling up the DagBag from /opt/airflow/dags/kest_example_dag.py
[2026-05-24T20:42:04.613+0000] {processor.py:840} INFO - DAG(s) 'kest_example_pipeline' retrieved from /opt/airflow/dags/kest_example_dag.py
[2026-05-24T20:42:04.636+0000] {logging_mixin.py:188} INFO - [2026-05-24T20:42:04.636+0000] {dag.py:3089} INFO - Sync 1 DAGs
[2026-05-24T20:42:04.643+0000] {logging_mixin.py:188} INFO - [2026-05-24T20:42:04.643+0000] {dag.py:3947} INFO - Setting next_dagrun for kest_example_pipeline to None, run_after=None
[2026-05-24T20:42:04.652+0000] {processor.py:183} INFO - Processing /opt/airflow/dags/kest_example_dag.py took 0.051 seconds
[2026-05-24T20:42:34.691+0000] {processor.py:161} INFO - Started process (PID=238) to work on /opt/airflow/dags/kest_example_dag.py
[2026-05-24T20:42:34.691+0000] {processor.py:830} INFO - Processing file /opt/airflow/dags/kest_example_dag.py for tasks to queue
[2026-05-24T20:42:34.693+0000] {logging_mixin.py:188} INFO - [2026-05-24T20:42:34.692+0000] {dagbag.py:545} INFO - Filling up the DagBag from /opt/airflow/dags/kest_example_dag.py
[2026-05-24T20:42:34.703+0000] {processor.py:840} INFO - DAG(s) 'kest_example_pipeline' retrieved from /opt/airflow/dags/kest_example_dag.py
[2026-05-24T20:42:34.724+0000] {logging_mixin.py:188} INFO - [2026-05-24T20:42:34.724+0000] {dag.py:3089} INFO - Sync 1 DAGs
[2026-05-24T20:42:34.731+0000] {logging_mixin.py:188} INFO - [2026-05-24T20:42:34.731+0000] {dag.py:3947} INFO - Setting next_dagrun for kest_example_pipeline to None, run_after=None
[2026-05-24T20:42:34.740+0000] {processor.py:183} INFO - Processing /opt/airflow/dags/kest_example_dag.py took 0.053 seconds
[2026-05-24T20:43:03.018+0000] {processor.py:161} INFO - Started process (PID=167) to work on /opt/airflow/dags/kest_example_dag.py
[2026-05-24T20:43:03.019+0000] {processor.py:830} INFO - Processing file /opt/airflow/dags/kest_example_dag.py for tasks to queue
[2026-05-24T20:43:03.020+0000] {logging_mixin.py:188} INFO - [2026-05-24T20:43:03.020+0000] {dagbag.py:545} INFO - Filling up the DagBag from /opt/airflow/dags/kest_example_dag.py
[2026-05-24T20:43:03.028+0000] {processor.py:840} INFO - DAG(s) 'kest_example_pipeline' retrieved from /opt/airflow/dags/kest_example_dag.py
[2026-05-24T20:43:03.116+0000] {logging_mixin.py:188} INFO - [2026-05-24T20:43:03.116+0000] {dag.py:3089} INFO - Sync 1 DAGs
[2026-05-24T20:43:03.122+0000] {logging_mixin.py:188} INFO - [2026-05-24T20:43:03.122+0000] {dag.py:3947} INFO - Setting next_dagrun for kest_example_pipeline to None, run_after=None
[2026-05-24T20:43:03.134+0000] {processor.py:183} INFO - Processing /opt/airflow/dags/kest_example_dag.py took 0.119 seconds
[2026-05-24T20:43:33.217+0000] {processor.py:161} INFO - Started process (PID=260) to work on /opt/airflow/dags/kest_example_dag.py
[2026-05-24T20:43:33.218+0000] {processor.py:830} INFO - Processing file /opt/airflow/dags/kest_example_dag.py for tasks to queue
[2026-05-24T20:43:33.218+0000] {logging_mixin.py:188} INFO - [2026-05-24T20:43:33.218+0000] {dagbag.py:545} INFO - Filling up the DagBag from /opt/airflow/dags/kest_example_dag.py
[2026-05-24T20:43:33.225+0000] {processor.py:840} INFO - DAG(s) 'kest_example_pipeline' retrieved from /opt/airflow/dags/kest_example_dag.py
[2026-05-24T20:43:33.248+0000] {logging_mixin.py:188} INFO - [2026-05-24T20:43:33.248+0000] {dag.py:3089} INFO - Sync 1 DAGs
[2026-05-24T20:43:33.255+0000] {logging_mixin.py:188} INFO - [2026-05-24T20:43:33.255+0000] {dag.py:3947} INFO - Setting next_dagrun for kest_example_pipeline to None, run_after=None
[2026-05-24T20:43:33.266+0000] {processor.py:183} INFO - Processing /opt/airflow/dags/kest_example_dag.py took 0.053 seconds
[2026-05-24T20:44:03.302+0000] {processor.py:161} INFO - Started process (PID=265) to work on /opt/airflow/dags/kest_example_dag.py
[2026-05-24T20:44:03.302+0000] {processor.py:830} INFO - Processing file /opt/airflow/dags/kest_example_dag.py for tasks to queue
[2026-05-24T20:44:03.304+0000] {logging_mixin.py:188} INFO - [2026-05-24T20:44:03.303+0000] {dagbag.py:545} INFO - Filling up the DagBag from /opt/airflow/dags/kest_example_dag.py
[2026-05-24T20:44:03.313+0000] {processor.py:840} INFO - DAG(s) 'kest_example_pipeline' retrieved from /opt/airflow/dags/kest_example_dag.py
[2026-05-24T20:44:03.332+0000] {logging_mixin.py:188} INFO - [2026-05-24T20:44:03.332+0000] {dag.py:3089} INFO - Sync 1 DAGs
[2026-05-24T20:44:03.339+0000] {logging_mixin.py:188} INFO - [2026-05-24T20:44:03.338+0000] {dag.py:3947} INFO - Setting next_dagrun for kest_example_pipeline to None, run_after=None
[2026-05-24T20:44:03.350+0000] {processor.py:183} INFO - Processing /opt/airflow/dags/kest_example_dag.py took 0.053 seconds
[2026-05-24T20:44:33.429+0000] {processor.py:161} INFO - Started process (PID=270) to work on /opt/airflow/dags/kest_example_dag.py
[2026-05-24T20:44:33.430+0000] {processor.py:830} INFO - Processing file /opt/airflow/dags/kest_example_dag.py for tasks to queue
[2026-05-24T20:44:33.431+0000] {logging_mixin.py:188} INFO - [2026-05-24T20:44:33.431+0000] {dagbag.py:545} INFO - Filling up the DagBag from /opt/airflow/dags/kest_example_dag.py
[2026-05-24T20:44:33.438+0000] {processor.py:840} INFO - DAG(s) 'kest_example_pipeline' retrieved from /opt/airflow/dags/kest_example_dag.py
[2026-05-24T20:44:33.455+0000] {logging_mixin.py:188} INFO - [2026-05-24T20:44:33.455+0000] {dag.py:3089} INFO - Sync 1 DAGs
[2026-05-24T20:44:33.461+0000] {logging_mixin.py:188} INFO - [2026-05-24T20:44:33.461+0000] {dag.py:3947} INFO - Setting next_dagrun for kest_example_pipeline to None, run_after=None
[2026-05-24T20:44:33.471+0000] {processor.py:183} INFO - Processing /opt/airflow/dags/kest_example_dag.py took 0.045 seconds
[2026-05-24T20:45:03.515+0000] {processor.py:161} INFO - Started process (PID=275) to work on /opt/airflow/dags/kest_example_dag.py
[2026-05-24T20:45:03.516+0000] {processor.py:830} INFO - Processing file /opt/airflow/dags/kest_example_dag.py for tasks to queue
[2026-05-24T20:45:03.517+0000] {logging_mixin.py:188} INFO - [2026-05-24T20:45:03.516+0000] {dagbag.py:545} INFO - Filling up the DagBag from /opt/airflow/dags/kest_example_dag.py
[2026-05-24T20:45:03.523+0000] {processor.py:840} INFO - DAG(s) 'kest_example_pipeline' retrieved from /opt/airflow/dags/kest_example_dag.py
[2026-05-24T20:45:03.542+0000] {logging_mixin.py:188} INFO - [2026-05-24T20:45:03.542+0000] {dag.py:3089} INFO - Sync 1 DAGs
[2026-05-24T20:45:03.549+0000] {logging_mixin.py:188} INFO - [2026-05-24T20:45:03.549+0000] {dag.py:3947} INFO - Setting next_dagrun for kest_example_pipeline to None, run_after=None
[2026-05-24T20:45:03.558+0000] {processor.py:183} INFO - Processing /opt/airflow/dags/kest_example_dag.py took 0.046 seconds
[2026-05-24T20:45:33.630+0000] {processor.py:161} INFO - Started process (PID=334) to work on /opt/airflow/dags/kest_example_dag.py
[2026-05-24T20:45:33.631+0000] {processor.py:830} INFO - Processing file /opt/airflow/dags/kest_example_dag.py for tasks to queue
[2026-05-24T20:45:33.632+0000] {logging_mixin.py:188} INFO - [2026-05-24T20:45:33.632+0000] {dagbag.py:545} INFO - Filling up the DagBag from /opt/airflow/dags/kest_example_dag.py
[2026-05-24T20:45:33.640+0000] {processor.py:840} INFO - DAG(s) 'kest_example_pipeline' retrieved from /opt/airflow/dags/kest_example_dag.py
[2026-05-24T20:45:33.663+0000] {logging_mixin.py:188} INFO - [2026-05-24T20:45:33.663+0000] {dag.py:3089} INFO - Sync 1 DAGs
[2026-05-24T20:45:33.671+0000] {logging_mixin.py:188} INFO - [2026-05-24T20:45:33.671+0000] {dag.py:3947} INFO - Setting next_dagrun for kest_example_pipeline to None, run_after=None
[2026-05-24T20:45:33.683+0000] {processor.py:183} INFO - Processing /opt/airflow/dags/kest_example_dag.py took 0.057 seconds
[2026-05-24T20:46:03.731+0000] {processor.py:161} INFO - Started process (PID=339) to work on /opt/airflow/dags/kest_example_dag.py
[2026-05-24T20:46:03.732+0000] {processor.py:830} INFO - Processing file /opt/airflow/dags/kest_example_dag.py for tasks to queue
[2026-05-24T20:46:03.733+0000] {logging_mixin.py:188} INFO - [2026-05-24T20:46:03.732+0000] {dagbag.py:545} INFO - Filling up the DagBag from /opt/airflow/dags/kest_example_dag.py
[2026-05-24T20:46:03.740+0000] {processor.py:840} INFO - DAG(s) 'kest_example_pipeline' retrieved from /opt/airflow/dags/kest_example_dag.py
[2026-05-24T20:46:03.759+0000] {logging_mixin.py:188} INFO - [2026-05-24T20:46:03.759+0000] {dag.py:3089} INFO - Sync 1 DAGs
[2026-05-24T20:46:03.766+0000] {logging_mixin.py:188} INFO - [2026-05-24T20:46:03.766+0000] {dag.py:3947} INFO - Setting next_dagrun for kest_example_pipeline to None, run_after=None
[2026-05-24T20:46:03.775+0000] {processor.py:183} INFO - Processing /opt/airflow/dags/kest_example_dag.py took 0.047 seconds
[2026-05-24T20:46:20.450+0000] {processor.py:161} INFO - Started process (PID=167) to work on /opt/airflow/dags/kest_example_dag.py
[2026-05-24T20:46:20.450+0000] {processor.py:830} INFO - Processing file /opt/airflow/dags/kest_example_dag.py for tasks to queue
[2026-05-24T20:46:20.452+0000] {logging_mixin.py:188} INFO - [2026-05-24T20:46:20.452+0000] {dagbag.py:545} INFO - Filling up the DagBag from /opt/airflow/dags/kest_example_dag.py
[2026-05-24T20:46:20.464+0000] {processor.py:840} INFO - DAG(s) 'kest_example_pipeline' retrieved from /opt/airflow/dags/kest_example_dag.py
[2026-05-24T20:46:20.565+0000] {logging_mixin.py:188} INFO - [2026-05-24T20:46:20.565+0000] {dag.py:3089} INFO - Sync 1 DAGs
[2026-05-24T20:46:20.573+0000] {logging_mixin.py:188} INFO - [2026-05-24T20:46:20.573+0000] {dag.py:3947} INFO - Setting next_dagrun for kest_example_pipeline to None, run_after=None
[2026-05-24T20:46:20.589+0000] {processor.py:183} INFO - Processing /opt/airflow/dags/kest_example_dag.py took 0.145 seconds
[2026-05-24T20:46:50.677+0000] {processor.py:161} INFO - Started process (PID=222) to work on /opt/airflow/dags/kest_example_dag.py
[2026-05-24T20:46:50.678+0000] {processor.py:830} INFO - Processing file /opt/airflow/dags/kest_example_dag.py for tasks to queue
[2026-05-24T20:46:50.679+0000] {logging_mixin.py:188} INFO - [2026-05-24T20:46:50.679+0000] {dagbag.py:545} INFO - Filling up the DagBag from /opt/airflow/dags/kest_example_dag.py
[2026-05-24T20:46:50.685+0000] {processor.py:840} INFO - DAG(s) 'kest_example_pipeline' retrieved from /opt/airflow/dags/kest_example_dag.py
[2026-05-24T20:46:50.704+0000] {logging_mixin.py:188} INFO - [2026-05-24T20:46:50.704+0000] {dag.py:3089} INFO - Sync 1 DAGs
[2026-05-24T20:46:50.710+0000] {logging_mixin.py:188} INFO - [2026-05-24T20:46:50.710+0000] {dag.py:3947} INFO - Setting next_dagrun for kest_example_pipeline to None, run_after=None
[2026-05-24T20:46:50.719+0000] {processor.py:183} INFO - Processing /opt/airflow/dags/kest_example_dag.py took 0.047 seconds
[2026-05-24T20:47:20.765+0000] {processor.py:161} INFO - Started process (PID=227) to work on /opt/airflow/dags/kest_example_dag.py
[2026-05-24T20:47:20.766+0000] {processor.py:830} INFO - Processing file /opt/airflow/dags/kest_example_dag.py for tasks to queue
[2026-05-24T20:47:20.767+0000] {logging_mixin.py:188} INFO - [2026-05-24T20:47:20.767+0000] {dagbag.py:545} INFO - Filling up the DagBag from /opt/airflow/dags/kest_example_dag.py
[2026-05-24T20:47:20.775+0000] {processor.py:840} INFO - DAG(s) 'kest_example_pipeline' retrieved from /opt/airflow/dags/kest_example_dag.py
[2026-05-24T20:47:20.794+0000] {logging_mixin.py:188} INFO - [2026-05-24T20:47:20.794+0000] {dag.py:3089} INFO - Sync 1 DAGs
[2026-05-24T20:47:20.802+0000] {logging_mixin.py:188} INFO - [2026-05-24T20:47:20.801+0000] {dag.py:3947} INFO - Setting next_dagrun for kest_example_pipeline to None, run_after=None
[2026-05-24T20:47:20.812+0000] {processor.py:183} INFO - Processing /opt/airflow/dags/kest_example_dag.py took 0.052 seconds
[2026-05-24T20:47:50.886+0000] {processor.py:161} INFO - Started process (PID=248) to work on /opt/airflow/dags/kest_example_dag.py
[2026-05-24T20:47:50.887+0000] {processor.py:830} INFO - Processing file /opt/airflow/dags/kest_example_dag.py for tasks to queue
[2026-05-24T20:47:50.888+0000] {logging_mixin.py:188} INFO - [2026-05-24T20:47:50.888+0000] {dagbag.py:545} INFO - Filling up the DagBag from /opt/airflow/dags/kest_example_dag.py
[2026-05-24T20:47:50.896+0000] {processor.py:840} INFO - DAG(s) 'kest_example_pipeline' retrieved from /opt/airflow/dags/kest_example_dag.py
[2026-05-24T20:47:50.914+0000] {logging_mixin.py:188} INFO - [2026-05-24T20:47:50.914+0000] {dag.py:3089} INFO - Sync 1 DAGs
[2026-05-24T20:47:50.920+0000] {logging_mixin.py:188} INFO - [2026-05-24T20:47:50.920+0000] {dag.py:3947} INFO - Setting next_dagrun for kest_example_pipeline to None, run_after=None
[2026-05-24T20:47:50.932+0000] {processor.py:183} INFO - Processing /opt/airflow/dags/kest_example_dag.py took 0.050 seconds
